date,open,high,close,low,volume,price_change,p_change,ma5,ma10,ma20,v_ma5,v_ma10,v_ma20
2020-06-05,1.38,1.38,1.38,1.37,7871645.5,0.01,0.73,1.362,1.335,1.345,7916713.1,7905356.65,8389980.03
2020-06-04,1.39,1.39,1.37,1.37,7539961.5,0.0,0.0,1.346,1.328,1.344,8276496.6,8782670.9,8369331.5
2020-06-03,1.37,1.37,1.37,1.36,10567597.0,0.02,1.48,1.334,1.328,1.343,8221250.7,9053407.45,8265551.13
2020-06-02,1.34,1.35,1.35,1.34,6086511.5,0.01,0.75,1.322,1.328,1.343,7333628.0,8674949.15,8126674.98
2020-06-01,1.33,1.34,1.34,1.33,7517850.0,0.04,3.08,1.316,1.331,1.345,7562292.2,9345286.9,7928960.44
2020-05-29,1.29,1.31,1.3,1.29,9670563.0,-0.01,-0.76,1.308,1.331,1.347,7894000.2,9088064.35,7803599.34
2020-05-28,1.32,1.33,1.31,1.3,7263732.0,0.0,0.0,1.31,1.335,1.351,9288845.2,8549669.55,7618903.84
2020-05-27,1.33,1.33,1.31,1.31,6129483.5,-0.01,-0.76,1.322,1.338,1.353,9885564.2,8547842.6,7435934.21
2020-05-26,1.31,1.33,1.32,1.31,7229832.5,0.02,1.54,1.334,1.343,1.355,10016270.3,8705845.85,7423208.74
2020-05-25,1.3,1.31,1.3,1.29,9176390.0,-0.01,-0.76,1.346,1.347,1.356,11128281.6,8985905.9,7335868.69
2020-05-22,1.34,1.34,1.31,1.3,16644788.0,-0.06,-4.38,1.354,1.355,1.358,10282128.5,8874603.4,7165774.31
2020-05-21,1.38,1.38,1.37,1.36,10247327.0,0.0,0.0,1.36,1.36,1.359,7810493.9,7955992.1,6710335.61
2020-05-20,1.38,1.38,1.37,1.37,6783014.0,-0.01,-0.72,1.354,1.358,1.359,7210121.0,7477694.8,6385617.34
2020-05-19,1.37,1.38,1.38,1.37,12789889.0,0.04,2.98,1.352,1.357,1.358,7395421.4,7578400.8,6328630.06
2020-05-18,1.34,1.35,1.34,1.34,4945624.5,0.0,0.0,1.348,1.359,1.356,6843530.2,6512633.98,5947947.76
2020-05-15,1.34,1.35,1.34,1.33,4286615.0,0.0,0.0,1.356,1.363,1.357,7467078.3,6519134.33,6026967.21
2020-05-14,1.35,1.35,1.34,1.34,7245462.5,-0.02,-1.47,1.36,1.366,1.358,8101490.3,6688138.13,6156373.86
2020-05-13,1.35,1.36,1.36,1.35,7709516.0,0.0,0.0,1.362,1.368,1.358,7745268.6,6324025.83,6055503.46
2020-05-12,1.37,1.37,1.36,1.35,10030433.0,-0.02,-1.45,1.362,1.366,1.357,7761380.2,6140571.63,6014941.51
2020-05-11,1.37,1.39,1.38,1.37,8063365.0,0.02,1.47,1.37,1.364,1.357,6181737.75,5685831.48,5938567.81
2020-05-08,1.36,1.36,1.36,1.35,7458675.0,0.01,0.74,1.37,1.36,1.354,5571190.35,5456945.23,6043744.61
2020-05-07,1.36,1.36,1.35,1.35,5464354.0,-0.01,-0.73,1.372,1.358,1.353,5274785.95,5464679.13,6012998.94
2020-05-06,1.36,1.36,1.36,1.35,7790074.0,-0.04,-2.86,1.374,1.359,1.35,4902783.05,5293539.88,6104858.29
2020-04-30,1.39,1.4,1.4,1.38,2132220.75,0.02,1.45,1.37,1.359,1.347,4519763.05,5078859.33,6093666.01
2020-04-29,1.39,1.39,1.38,1.37,5010628.0,0.01,0.73,1.358,1.353,1.342,5189925.2,5383261.55,6422373.03
2020-04-28,1.36,1.38,1.37,1.36,5976653.0,0.01,0.73,1.35,1.35,1.338,5342700.1,5534800.1,6540243.8
2020-04-27,1.35,1.36,1.36,1.35,3604339.5,0.02,1.49,1.344,1.349,1.335,5654572.3,5624609.6,6741623.55
2020-04-24,1.33,1.34,1.34,1.33,5874974.0,0.0,0.0,1.344,1.347,1.333,5684296.7,5786981.1,7034973.18
2020-04-23,1.35,1.35,1.34,1.34,5483031.5,0.0,0.0,1.348,1.348,1.331,5637955.6,5889311.4,7376719.98
2020-04-22,1.32,1.34,1.34,1.32,5774502.5,0.0,0.0,1.348,1.349,1.33,5576597.9,6191304.15,7742018.25
2020-04-21,1.36,1.36,1.34,1.33,7536014.0,-0.02,-1.47,1.35,1.348,1.326,5726900.1,6630544.0,8157778.43
2020-04-20,1.36,1.37,1.36,1.35,3752961.5,0.0,0.0,1.354,1.348,1.321,5594646.9,6561318.75,8585031.68
2020-04-17,1.36,1.38,1.36,1.36,5643268.5,0.02,1.49,1.35,1.341,1.317,5889665.5,6916176.7,9078808.5
2020-04-16,1.34,1.35,1.34,1.33,5176243.0,-0.01,-0.74,1.348,1.335,1.31,6140667.2,7108472.7,9818022.28
2020-04-15,1.36,1.37,1.35,1.35,6526013.5,-0.01,-0.73,1.35,1.33,1.306,6806010.4,7461484.5,10535048.43
2020-04-14,1.35,1.37,1.36,1.35,6874748.0,0.02,1.49,1.346,1.326,1.303,7534187.9,7545687.5,11069697.35
2020-04-13,1.35,1.35,1.34,1.34,5228054.5,-0.01,-0.74,1.342,1.321,1.299,7527990.6,7858637.5,11426422.1
2020-04-10,1.35,1.35,1.35,1.34,6898277.0,0.0,0.0,1.332,1.318,1.298,7942687.9,8282965.25,12114822.18
2020-04-09,1.34,1.35,1.35,1.34,8502959.0,0.02,1.5,1.322,1.314,1.298,8076278.2,8864128.55,12311786.68
2020-04-08,1.34,1.35,1.33,1.33,10166901.0,-0.01,-0.75,1.31,1.31,1.3,8116958.6,9292732.35,12222705.68
2020-04-07,1.34,1.34,1.34,1.33,6843761.5,0.05,3.88,1.306,1.304,1.304,7557187.1,9685012.85,12222880.73
2020-04-03,1.29,1.3,1.29,1.29,7301541.0,-0.01,-0.77,1.3,1.294,1.306,8189284.4,10608744.6,12364424.25
2020-04-02,1.28,1.3,1.3,1.28,7566228.5,0.01,0.78,1.304,1.292,1.314,8623242.6,11241440.3,12375583.8
2020-04-01,1.31,1.32,1.29,1.28,8706361.0,-0.02,-1.53,1.306,1.285,1.322,9651978.9,12527571.85,12556407.23
2020-03-31,1.32,1.33,1.31,1.3,7368043.5,0.0,0.0,1.31,1.281,1.33,10468506.1,13608612.35,12479433.55
2020-03-30,1.29,1.32,1.31,1.28,10004248.0,0.0,0.0,1.302,1.279,1.338,11812838.6,14593707.2,12405445.68
2020-03-27,1.33,1.33,1.31,1.31,9471332.0,0.0,0.0,1.288,1.276,1.345,13028204.8,14994206.7,12321334.18
2020-03-26,1.3,1.32,1.31,1.3,12709910.0,0.0,0.0,1.28,1.277,1.352,13859638.0,15946679.1,12343990.03
2020-03-25,1.3,1.31,1.31,1.29,12788997.0,0.04,3.15,1.264,1.281,1.36,15403164.8,15759444.8,12112191.43
2020-03-24,1.27,1.28,1.27,1.26,14089706.0,0.03,2.42,1.252,1.289,1.369,16748718.6,15152679.0,11932216.63
2020-03-23,1.22,1.25,1.24,1.22,16081079.0,-0.03,-2.36,1.256,1.303,1.38,17374575.8,14760748.6,11529308.25
2020-03-20,1.25,1.28,1.27,1.25,13628498.0,0.04,3.25,1.264,1.318,1.392,16960208.6,14120103.9,11079150.4
2020-03-19,1.25,1.26,1.23,1.19,20427544.0,-0.02,-1.6,1.274,1.335,1.404,18033720.2,13509727.3,10699696.25
2020-03-18,1.29,1.31,1.25,1.25,19516766.0,-0.04,-3.1,1.298,1.359,1.419,16115724.8,12585242.6,9918813.93
2020-03-17,1.3,1.31,1.29,1.27,17218992.0,0.01,0.78,1.326,1.379,1.433,13556639.4,11350254.75,9142745.24
2020-03-16,1.31,1.32,1.28,1.28,14009243.0,-0.04,-3.03,1.35,1.396,1.445,12146921.4,10217184.15,8546829.21
2020-03-13,1.27,1.4,1.32,1.26,18996056.0,-0.03,-2.22,1.372,1.414,1.458,11279999.2,9648461.65,8020553.54
2020-03-12,1.36,1.36,1.35,1.34,10837567.0,-0.04,-2.88,1.396,1.427,1.469,8985734.4,8741300.95,7265565.65
2020-03-11,1.41,1.41,1.39,1.39,6721339.0,-0.02,-1.42,1.42,1.439,1.478,9054760.4,8464938.05,6955455.38
2020-03-10,1.4,1.41,1.41,1.38,10170402.0,0.02,1.44,1.432,1.448,1.485,9143870.1,8711754.25,6772161.64
2020-03-09,1.4,1.4,1.39,1.38,9674632.0,-0.05,-3.47,1.442,1.456,1.491,8287446.9,8297867.9,6449791.01
2020-03-06,1.46,1.46,1.44,1.44,7524732.0,-0.03,-2.04,1.456,1.466,1.497,8016924.1,8038196.9,6069948.7
2020-03-05,1.45,1.47,1.47,1.45,11182697.0,0.02,1.38,1.458,1.473,1.5,8496867.5,7889665.2,5815133.0
2020-03-04,1.45,1.46,1.45,1.44,7166887.5,-0.01,-0.69,1.458,1.479,1.503,7875115.7,7252385.25,5363921.71
2020-03-03,1.47,1.47,1.46,1.45,5888286.0,0.0,0.0,1.464,1.487,1.504,8279638.4,6935235.73,5209399.69
2020-03-02,1.45,1.46,1.46,1.45,8322018.0,0.01,0.69,1.47,1.494,1.505,8308288.9,6876474.28,5158711.76
2020-02-28,1.4,1.47,1.45,1.4,9924449.0,-0.02,-1.36,1.476,1.502,1.505,8059469.7,6392645.43,5108403.16
2020-02-27,1.47,1.48,1.47,1.46,8073938.0,-0.01,-0.68,1.488,1.511,1.509,7282462.9,5789830.35,4762369.55
2020-02-26,1.47,1.48,1.48,1.47,9189501.0,-0.01,-0.67,1.5,1.517,1.513,6629654.8,5445972.7,4520943.18
2020-02-25,1.48,1.49,1.49,1.47,6031538.5,0.0,0.0,1.51,1.522,1.515,5590833.05,4832569.03,4429780.93
2020-02-24,1.5,1.5,1.49,1.49,7077922.0,-0.02,-1.32,1.518,1.525,1.519,5444659.65,4601714.13,4703067.25
2020-02-21,1.52,1.52,1.51,1.51,6039415.0,-0.02,-1.31,1.528,1.527,1.523,4725821.15,4101700.5,4664562.15
2020-02-20,1.53,1.53,1.53,1.52,4809897.5,0.0,0.0,1.534,1.527,1.526,4297197.8,3740600.8,4671497.3
2020-02-19,1.52,1.53,1.53,1.52,3995392.25,0.0,0.0,1.534,1.526,1.528,4262290.6,3475458.18,4622606.28
2020-02-18,1.53,1.53,1.53,1.52,5300671.5,-0.01,-0.65,1.534,1.521,1.53,4074305.0,3483563.65,4685668.76
2020-02-17,1.54,1.55,1.54,1.53,3483729.5,0.0,0.0,1.532,1.516,1.533,3758768.6,3440949.25,4627676.5
2020-02-14,1.53,1.54,1.54,1.53,3896298.25,0.01,0.65,1.526,1.508,1.534,3477579.85,3824160.9,4716163.03
2020-02-13,1.54,1.54,1.53,1.53,4635361.5,0.0,0.0,1.52,1.506,1.535,3184003.8,3734908.75,4900704.09
2020-02-12,1.53,1.54,1.53,1.52,3055464.25,0.01,0.66,1.518,1.508,1.536,2688625.75,3595913.65,4955920.96
2020-02-11,1.52,1.53,1.52,1.52,3722989.5,0.01,0.66,1.508,1.508,1.537,2892822.3,4026992.83,5004366.48
2020-02-10,1.5,1.51,1.51,1.5,2077785.75,0.0,0.0,1.5,1.513,1.539,3123129.9,4804420.38,5376625.0
2020-02-07,1.51,1.52,1.51,1.51,2428418.0,-0.01,-0.66,1.49,1.519,1.542,4170741.95,5227423.8,5434638.33
2020-02-06,1.5,1.52,1.52,1.49,2158471.25,0.04,2.7,1.492,1.525,1.545,4285813.7,5602393.8,5586794.23
2020-02-05,1.49,1.49,1.48,1.48,4076447.0,0.0,0.0,1.498,1.53,1.546,4503201.55,5769754.38,5794187.71
2020-02-04,1.47,1.48,1.48,1.47,4874527.5,0.02,1.37,1.508,1.539,1.55,5161163.35,5887773.88,5772244.69
2020-02-03,1.44,1.47,1.46,1.44,7315846.0,-0.06,-3.95,1.526,1.549,1.554,6485710.85,5814403.75,5896363.89
2020-01-23,1.53,1.55,1.52,1.52,3003776.75,-0.03,-1.94,1.548,1.56,1.559,6284105.65,5608165.15,5654281.26
2020-01-22,1.54,1.55,1.55,1.53,3245410.5,0.02,1.31,1.558,1.564,1.56,6918973.9,6066499.43,5718281.6
2020-01-21,1.56,1.56,1.53,1.53,7366256.0,-0.04,-2.55,1.562,1.563,1.559,7036307.2,6315928.28,5905279.5
2020-01-20,1.58,1.58,1.57,1.56,11497265.0,0.0,0.0,1.57,1.566,1.56,6614384.4,5981740.13,6156169.85
2020-01-17,1.57,1.58,1.57,1.57,6307820.0,0.0,0.0,1.572,1.564,1.558,5143096.65,5948829.63,5749474.5
2020-01-16,1.57,1.58,1.57,1.56,6178118.0,0.0,0.0,1.572,1.564,1.556,4932224.65,5641852.85,5705889.13
2020-01-15,1.57,1.58,1.57,1.56,3832077.0,0.0,0.0,1.57,1.564,1.555,5214024.95,5571194.65,5754772.33
2020-01-14,1.58,1.59,1.57,1.57,5256642.0,-0.01,-0.63,1.564,1.562,1.553,5595549.35,5818621.05,5810268.73
2020-01-13,1.58,1.58,1.58,1.57,4140826.25,0.01,0.64,1.562,1.561,1.55,5349095.85,5656715.5,5691129.31
2020-01-10,1.57,1.57,1.57,1.56,5253460.0,0.01,0.64,1.556,1.559,1.547,6754562.6,5978324.03,5852881.38
2020-01-09,1.55,1.56,1.56,1.55,7587119.5,0.02,1.3,1.556,1.557,1.544,6351481.05,5700397.38,5833475.18
2020-01-08,1.55,1.55,1.54,1.53,5739699.0,-0.02,-1.28,1.558,1.555,1.539,5928364.35,5370063.78,5647416.55
2020-01-07,1.56,1.57,1.56,1.56,4024374.5,0.01,0.65,1.56,1.555,1.536,6041692.75,5494630.73,5520299.35
2020-01-06,1.56,1.56,1.55,1.55,11168160.0,-0.02,-1.27,1.56,1.553,1.531,5964335.15,6330599.58,5486008.48
2020-01-03,1.58,1.59,1.57,1.57,3238052.25,0.0,0.0,1.562,1.552,1.527,5202085.45,5550119.38,5204713.05
2020-01-02,1.55,1.57,1.57,1.55,5471536.0,0.02,1.29,1.558,1.548,1.521,5049313.7,5769925.4,5248028.73
2019-12-31,1.56,1.56,1.55,1.55,6306341.0,-0.01,-0.64,1.552,1.545,1.515,4811763.2,5938350.0,5166137.53
2019-12-30,1.56,1.57,1.56,1.55,3637586.5,0.0,0.0,1.55,1.543,1.511,4947568.7,5801916.4,5060437.43
2019-12-27,1.55,1.56,1.56,1.55,7356911.5,0.01,0.65,1.546,1.539,1.506,6696864.0,5725543.13,5242375.1
2019-12-26,1.53,1.55,1.55,1.53,2474193.5,0.01,0.65,1.542,1.535,1.501,5898153.3,5727438.73,5137659.38
2019-12-25,1.54,1.55,1.54,1.53,4283783.5,0.0,0.0,1.538,1.53,1.498,6490537.1,5966552.98,5217816.29
2019-12-24,1.54,1.55,1.54,1.54,6985368.5,0.0,0.0,1.538,1.523,1.496,7064936.8,5924769.33,5086160.51
2019-12-23,1.54,1.55,1.54,1.54,12384063.0,0.0,0.0,1.536,1.516,1.493,6656264.1,5545967.98,4979784.19
2019-12-20,1.54,1.55,1.54,1.53,3363358.0,0.01,0.65,1.532,1.509,1.491,4754222.25,4641417.38,4618010.19
2019-12-19,1.54,1.54,1.53,1.53,5436112.5,-0.01,-0.65,1.528,1.501,1.488,5556724.15,4859306.73,4538090.49
2019-12-18,1.54,1.55,1.54,1.54,7155782.0,0.01,0.65,1.522,1.494,1.485,5442568.85,4726132.05,4541708.16
2019-12-17,1.53,1.54,1.53,1.52,4942005.0,0.01,0.66,1.508,1.485,1.482,4784601.85,4393925.05,4410005.79
2019-12-16,1.52,1.53,1.52,1.52,2873853.75,0.0,0.0,1.496,1.478,1.48,4435671.85,4318958.45,4372533.31
2019-12-13,1.51,1.52,1.52,1.5,7375867.5,0.02,1.33,1.486,1.473,1.478,4528612.5,4759207.08,4485046.43
2019-12-12,1.49,1.5,1.5,1.48,4865336.0,0.03,2.04,1.474,1.467,1.475,4161889.3,4547880.03,4334828.5
2019-12-11,1.46,1.48,1.47,1.46,3865947.0,0.0,0.0,1.466,1.466,1.472,4009695.25,4469079.6,4337898.05
2019-12-10,1.46,1.47,1.47,1.46,3197355.0,0.0,0.0,1.462,1.468,1.472,4003248.25,4247551.7,4568555.95
2019-12-09,1.47,1.47,1.47,1.46,3338557.0,0.01,0.69,1.46,1.47,1.473,4202245.05,4413600.4,4657101.08
2019-12-06,1.46,1.47,1.46,1.46,5542251.5,0.0,0.0,1.46,1.473,1.473,4989801.65,4594603.0,4820320.98
2019-12-05,1.46,1.46,1.46,1.45,4104365.75,0.01,0.69,1.46,1.474,1.476,4933870.75,4216874.25,4791398.35
2019-12-04,1.45,1.46,1.45,1.45,3833712.0,-0.01,-0.69,1.466,1.475,1.479,4928463.95,4357284.28,4847033.76
2019-12-03,1.46,1.46,1.46,1.45,4192339.0,-0.01,-0.68,1.474,1.479,1.483,4491855.15,4426086.53,4877062.26
2019-12-02,1.46,1.47,1.47,1.46,7276340.0,0.01,0.69,1.48,1.482,1.486,4624955.75,4426108.18,4924355.01
2019-11-29,1.48,1.48,1.46,1.46,5262597.0,-0.03,-2.01,1.486,1.482,1.488,4199404.35,4210885.78,4827904.76
2019-11-28,1.49,1.49,1.49,1.48,4077331.75,0.0,0.0,1.488,1.482,1.49,3499877.75,4121776.98,4975860.89
2019-11-27,1.49,1.49,1.49,1.49,1650668.0,0.0,0.0,1.484,1.478,1.49,3786104.6,4206716.5,5123823.65
2019-11-26,1.5,1.51,1.49,1.49,4857842.0,-0.01,-0.67,1.484,1.475,1.489,4360317.9,4889560.2,5216495.13
2019-11-25,1.48,1.5,1.5,1.48,5148583.0,0.03,2.04,1.484,1.475,1.489,4227260.6,4900601.75,5176461.65
2019-11-22,1.47,1.48,1.47,1.47,1764964.0,0.0,0.0,1.478,1.473,1.488,4222367.2,5046038.95,5147816.38
2019-11-21,1.47,1.48,1.47,1.46,5508466.0,-0.02,-1.34,1.476,1.478,1.489,4743676.2,5365922.45,5644294.38
2019-11-20,1.49,1.49,1.49,1.48,4521734.5,0.0,0.0,1.472,1.483,1.489,4627328.4,5336783.25,5587852.18
2019-11-19,1.47,1.49,1.49,1.47,4192555.5,0.02,1.36,1.466,1.486,1.488,5418802.5,5328038.0,5603381.33
2019-11-18,1.46,1.47,1.47,1.46,5124116.0,0.01,0.69,1.466,1.489,1.488,5573942.9,5422601.85,5537479.7
2019-11-15,1.46,1.47,1.46,1.45,4371509.0,0.01,0.69,1.468,1.494,1.489,5869710.7,5444923.75,5400667.0
2019-11-14,1.46,1.47,1.45,1.45,4926727.0,-0.01,-0.69,1.48,1.498,1.49,5988168.7,5829944.8,5460573.3
2019-11-13,1.48,1.48,1.46,1.46,8479105.0,-0.03,-2.01,1.494,1.501,1.492,6046238.1,6040930.8,5438975.8
2019-11-12,1.49,1.49,1.49,1.48,4968257.5,0.01,0.68,1.506,1.503,1.493,5237273.5,5543430.05,5281336.43
2019-11-11,1.5,1.51,1.48,1.48,6602955.0,-0.04,-2.63,1.512,1.502,1.492,5271260.8,5452321.55,5343061.28
2019-11-08,1.53,1.53,1.52,1.52,4963799.0,0.0,0.0,1.52,1.503,1.491,5020136.8,5249593.8,5463162.08
2019-11-07,1.52,1.53,1.52,1.52,5217074.0,0.0,0.0,1.516,1.499,1.488,5671720.9,5922666.3,5463052.28
2019-11-06,1.51,1.53,1.52,1.51,4434282.0,0.0,0.0,1.508,1.495,1.484,6035623.5,5838921.1,5655987.98
2019-11-05,1.52,1.53,1.52,1.51,5138194.0,0.0,0.0,1.5,1.49,1.479,5849586.6,5878724.65,6357898.78
2019-11-04,1.51,1.52,1.52,1.51,5347335.0,0.02,1.33,1.492,1.487,1.476,5633382.3,5652357.55,6403213.58
2019-11-01,1.48,1.5,1.5,1.48,8221719.5,0.02,1.35,1.486,1.483,1.472,5479050.8,5356410.25,6272157.11
2019-10-31,1.48,1.5,1.48,1.48,7036587.0,0.0,0.0,1.482,1.481,1.47,6173611.7,5091201.8,6129067.74
2019-10-30,1.48,1.49,1.48,1.48,3504097.5,0.0,0.0,1.482,1.482,1.468,5642218.7,4837020.8,6167664.34
2019-10-29,1.5,1.5,1.48,1.48,4057172.5,-0.01,-0.67,1.48,1.482,1.467,5907862.7,5019242.8,6384360.84
2019-10-28,1.49,1.5,1.49,1.49,4575677.5,0.01,0.68,1.482,1.481,1.466,5671332.8,5233801.0,6392891.61
2019-10-25,1.48,1.49,1.48,1.48,11694524.0,0.0,0.0,1.48,1.479,1.465,5233769.7,5676730.35,6413186.36
2019-10-24,1.48,1.48,1.48,1.47,4379622.0,0.01,0.68,1.48,1.477,1.465,4008791.9,5003438.25,6078238.66
2019-10-23,1.49,1.49,1.47,1.47,4832317.5,-0.02,-1.34,1.482,1.472,1.465,4031822.9,5473054.85,6240227.71
2019-10-22,1.49,1.49,1.49,1.48,2874523.0,0.01,0.68,1.484,1.468,1.466,4130622.9,6837072.9,6342680.31
2019-10-21,1.48,1.49,1.48,1.48,2387862.0,0.0,0.0,1.48,1.464,1.466,4796269.2,7154069.6,6364869.78
2019-10-18,1.49,1.5,1.48,1.48,5569635.0,-0.01,-0.67,1.478,1.461,1.467,6119691.0,7187903.98,6413174.78
2019-10-17,1.48,1.5,1.49,1.48,4494777.0,0.01,0.68,1.474,1.458,1.468,5998084.6,7166933.68,6483554.08
2019-10-16,1.47,1.48,1.48,1.47,5326317.5,0.01,0.68,1.462,1.454,1.469,6914286.8,7498307.88,6709866.93
2019-10-15,1.47,1.47,1.47,1.47,6202754.5,0.0,0.0,1.452,1.451,1.47,9543522.9,7749478.88,6694152.28
2019-10-14,1.47,1.48,1.47,1.46,9004971.0,0.01,0.69,1.448,1.451,1.471,9511870.0,7551982.23,6663235.85
2019-10-11,1.44,1.47,1.46,1.44,4961603.0,0.03,2.1,1.444,1.451,1.471,8256116.95,7149642.38,6393321.8
2019-10-10,1.43,1.44,1.43,1.42,9075788.0,0.0,0.0,1.442,1.453,1.472,8335782.75,7153039.08,6505385.08
2019-10-09,1.44,1.45,1.43,1.43,18472498.0,-0.02,-1.38,1.446,1.457,1.474,8082328.95,7007400.58,6391918.15
2019-10-08,1.45,1.46,1.45,1.44,6044490.0,0.0,0.0,1.45,1.463,1.474,5955434.85,5848287.73,5761726.2
2019-09-30,1.44,1.46,1.45,1.44,2726205.75,0.0,0.0,1.454,1.467,1.473,5592094.45,5575669.95,5720488.65
2019-09-27,1.45,1.45,1.45,1.44,5359932.0,0.0,0.0,1.458,1.472,1.472,6043167.8,5638445.58,5848327.96
2019-09-26,1.45,1.46,1.45,1.45,7808519.0,0.0,0.0,1.464,1.478,1.471,5970295.4,5800174.48,5951749.61
2019-09-25,1.46,1.46,1.45,1.45,7838027.5,-0.02,-1.36,1.468,1.484,1.47,5932472.2,5921425.98,5912028.94
2019-09-24,1.47,1.47,1.47,1.46,4227788.0,0.0,0.0,1.476,1.488,1.47,5741140.6,5638825.68,5843238.86
2019-09-23,1.48,1.48,1.47,1.46,4981572.5,-0.01,-0.68,1.48,1.49,1.468,5559245.45,5774489.48,5939053.44
2019-09-20,1.48,1.48,1.48,1.47,4995570.0,0.01,0.68,1.486,1.491,1.467,5233723.35,5637001.23,5939845.49
2019-09-19,1.5,1.5,1.47,1.47,7619403.0,-0.02,-1.34,1.492,1.49,1.466,5630053.55,5857731.08,5904419.19
2019-09-18,1.5,1.5,1.49,1.49,6881369.5,0.0,0.0,1.5,1.491,1.465,5910379.75,5776435.73,5937286.19
2019-09-17,1.5,1.5,1.49,1.49,3318312.25,-0.01,-0.67,1.5,1.485,1.463,5536510.75,5675164.68,5984749.41
2019-09-16,1.51,1.51,1.5,1.5,3353962.0,-0.01,-0.66,1.5,1.479,1.461,5989733.5,5865307.35,6048292.15
2019-09-12,1.53,1.53,1.51,1.51,6977221.0,0.0,0.0,1.496,1.472,1.457,6040279.1,6058210.35,6092220.65
2019-09-11,1.49,1.52,1.51,1.49,9021034.0,0.02,1.34,1.488,1.464,1.451,6085408.6,6103324.75,6040725.65
2019-09-10,1.49,1.5,1.49,1.48,5012024.5,0.0,0.0,1.482,1.456,1.446,5642491.7,5902631.9,5828902.8
2019-09-09,1.49,1.5,1.49,1.48,5584426.0,0.01,0.68,1.47,1.451,1.442,5813818.6,6047652.05,5842430.78
2019-09-06,1.49,1.5,1.48,1.48,3606690.0,0.01,0.68,1.458,1.445,1.439,5740881.2,6103617.4,5686290.03
2019-09-05,1.48,1.49,1.47,1.47,7202868.5,-0.01,-0.68,1.448,1.443,1.438,6076141.6,6242689.75,5820347.18
2019-09-04,1.44,1.48,1.48,1.44,6806449.5,0.05,3.5,1.44,1.441,1.437,6121240.9,5951107.3,5709108.05
2019-09-03,1.43,1.44,1.43,1.43,5868659.0,0.0,0.0,1.43,1.438,1.435,6162772.1,6098136.65,5594968.18
2019-09-02,1.43,1.44,1.43,1.43,5219739.0,0.0,0.0,1.432,1.44,1.435,6281485.5,6294334.15,5554564.2
2019-08-30,1.45,1.45,1.43,1.42,5282992.0,0.0,0.0,1.432,1.442,1.436,6466353.6,6231276.95,5487756.44
2019-08-29,1.44,1.44,1.43,1.42,7428365.0,0.0,0.0,1.438,1.441,1.438,6409237.9,6126230.95,5382348.83
2019-08-28,1.45,1.45,1.43,1.43,7014105.5,-0.01,-0.69,1.442,1.438,1.441,5780973.7,5978126.55,5140660.88
2019-08-27,1.44,1.44,1.44,1.43,6462226.0,0.01,0.7,1.446,1.435,1.445,6033501.2,5755173.7,4927064.8
2019-08-26,1.42,1.43,1.43,1.42,6144079.5,-0.03,-2.06,1.448,1.432,1.45,6307182.8,5637209.5,4795236.51
2019-08-23,1.45,1.46,1.46,1.45,4997413.5,0.01,0.69,1.452,1.433,1.454,5996200.3,5268962.65,4598738.34
2019-08-22,1.46,1.46,1.45,1.44,4287044.0,0.0,0.0,1.444,1.432,1.458,5843224.0,5398004.6,4512245.01
2019-08-21,1.45,1.46,1.45,1.45,8276743.0,0.0,0.0,1.434,1.432,1.463,6175279.4,5467108.8,4357512.89
2019-08-20,1.45,1.46,1.45,1.45,7830634.0,0.0,0.0,1.424,1.431,1.468,5476846.2,5091799.7,4050118.69
2019-08-19,1.43,1.46,1.45,1.43,4589167.0,0.03,2.11,1.416,1.429,1.473,4967236.2,4814794.25,3741362.39
2019-08-16,1.4,1.43,1.42,1.4,4232532.0,0.02,1.43,1.414,1.429,1.477,4541725.0,4744235.93,3668725.14
2019-08-15,1.38,1.4,1.4,1.38,5947321.0,0.0,0.0,1.42,1.434,1.484,4952785.2,4638466.7,3606899.89
2019-08-14,1.42,1.43,1.4,1.39,4784577.0,-0.01,-0.71,1.43,1.444,1.491,4758938.2,4303195.2,3466995.59
2019-08-13,1.42,1.42,1.41,1.4,5282584.0,-0.03,-2.08,1.438,1.455,1.499,4706753.2,4098955.9,3386050.69
2019-08-12,1.45,1.45,1.44,1.44,2461611.0,-0.01,-0.69,1.442,1.467,1.506,4662352.3,3953263.53,3283537.38
2019-08-09,1.45,1.46,1.45,1.44,6287833.0,0.0,0.0,1.444,1.475,1.511,4946746.85,3928514.03,3425592.33
2019-08-08,1.45,1.46,1.45,1.44,4978086.0,0.01,0.69,1.448,1.484,1.515,4324148.2,3626485.43,3333496.63
2019-08-07,1.44,1.44,1.44,1.43,4523652.0,0.01,0.7,1.458,1.494,1.52,3847452.2,3247916.99,3363588.25
2019-08-06,1.42,1.45,1.43,1.41,5060579.5,-0.02,-1.38,1.472,1.505,1.524,3491158.6,3008437.69,3248379.7
2019-08-05,1.46,1.47,1.45,1.44,3883583.75,-0.02,-1.36,1.492,1.516,1.529,3244174.75,2667930.53,3264173.25
2019-08-02,1.48,1.48,1.47,1.47,3174839.75,-0.03,-2.0,1.506,1.525,1.534,2910281.2,2593214.35,3266669.03
2019-08-01,1.5,1.51,1.5,1.5,2594606.0,-0.01,-0.66,1.52,1.534,1.538,2928822.65,2575333.08,3385069.36
2019-07-31,1.52,1.52,1.51,1.5,2742184.0,-0.02,-1.31,1.53,1.538,1.541,2648381.77,2630795.98,3611818.26
2019-07-30,1.52,1.53,1.53,1.52,3825660.25,0.01,0.66,1.538,1.542,1.544,2525716.77,2673145.48,4045849.71
2019-07-29,1.54,1.54,1.52,1.52,2214116.0,-0.02,-1.3,1.54,1.544,1.546,2091686.3,2613811.23,4139516.18
2019-07-26,1.54,1.54,1.54,1.54,3267547.0,-0.01,-0.65,1.544,1.546,1.548,2276147.5,2922670.63,4153444.03
2019-07-25,1.55,1.55,1.55,1.55,1192401.62,0.0,0.0,1.548,1.546,1.547,2221843.5,3040507.83,4196475.13
2019-07-24,1.55,1.56,1.55,1.55,2128859.0,0.01,0.65,1.546,1.545,1.547,2613210.18,3479259.51,4588955.69
2019-07-23,1.54,1.54,1.54,1.54,1655507.88,0.0,0.0,1.546,1.543,1.545,2820574.18,3488321.71,4672129.26
2019-07-22,1.55,1.56,1.54,1.54,3136422.0,-0.02,-1.28,1.548,1.542,1.544,3135936.15,3860415.98,4755453.7
2019-07-19,1.55,1.56,1.56,1.55,2996027.0,0.02,1.3,1.548,1.542,1.544,3569193.75,3940123.7,4895513.73
2019-07-18,1.54,1.55,1.54,1.54,3149235.0,-0.01,-0.65,1.544,1.542,1.542,3859172.15,4194805.65,4950514.96
2019-07-17,1.54,1.55,1.55,1.54,3165679.0,0.0,0.0,1.544,1.544,1.542,4345308.85,4592840.55,5047128.89
2019-07-16,1.55,1.55,1.55,1.54,3232317.75,0.01,0.65,1.54,1.545,1.54,4156069.25,5418553.95,5146576.74
2019-07-15,1.53,1.55,1.54,1.52,5302710.0,0.0,0.0,1.536,1.547,1.537,4584895.8,5665221.13,5296922.55
2019-07-12,1.54,1.55,1.54,1.54,4445919.0,0.0,0.0,1.536,1.549,1.533,4311053.65,5384217.43,5278257.3
2019-07-11,1.53,1.55,1.54,1.53,5579918.5,0.01,0.65,1.54,1.548,1.529,4530439.15,5352442.43,5185222.43
2019-07-10,1.53,1.54,1.53,1.53,2219481.0,0.0,0.0,1.544,1.548,1.525,4840372.25,5698651.88,5157324.35
2019-07-09,1.54,1.54,1.53,1.52,5376450.5,-0.01,-0.65,1.55,1.547,1.522,6681038.65,5855936.8,5237267.71
2019-07-08,1.56,1.56,1.54,1.53,3933499.25,-0.02,-1.28,1.558,1.546,1.521,6745546.45,5650491.43,5191690.06
2019-07-05,1.56,1.57,1.56,1.56,5542846.5,0.0,0.0,1.562,1.545,1.518,6457381.2,5850903.75,5376955.7
2019-07-04,1.57,1.57,1.56,1.56,7129584.0,0.0,0.0,1.556,1.542,1.512,6174445.7,5706224.28,5449709.0
2019-07-03,1.56,1.57,1.56,1.56,11422813.0,-0.01,-0.64,1.552,1.539,1.506,6556931.5,5501417.23,5284115.64
2019-07-02,1.56,1.57,1.57,1.55,5698989.5,0.01,0.64,1.544,1.534,1.5,5030834.95,4874599.53,4776682.29
2019-07-01,1.55,1.56,1.56,1.55,2492673.0,0.03,1.96,1.534,1.526,1.494,4555436.4,4928623.98,4579303.15
2019-06-28,1.54,1.54,1.53,1.53,4128169.0,-0.01,-0.65,1.528,1.517,1.488,5244426.3,5172297.18,4604453.5
2019-06-27,1.53,1.55,1.54,1.53,9042013.0,0.02,1.32,1.528,1.51,1.485,5238002.85,5018002.43,4737602.8
2019-06-26,1.51,1.53,1.52,1.51,3792330.25,0.0,0.0,1.526,1.502,1.481,4445902.95,4615996.83,4504170.4
2019-06-25,1.53,1.54,1.52,1.52,3321996.75,-0.01,-0.65,1.524,1.497,1.478,4718364.1,4618598.63,4612899.14
2019-06-24,1.53,1.55,1.53,1.53,5937622.5,0.0,0.0,1.518,1.495,1.476,5301811.55,4732888.7,4855531.95
2019-06-21,1.53,1.53,1.53,1.52,4096051.75,0.0,0.0,1.506,1.49,1.473,5100168.05,4903007.65,4789866.43
2019-06-20,1.52,1.53,1.53,1.52,5081513.5,0.02,1.32,1.492,1.482,1.469,4798002.0,5193193.73,4854161.29
2019-06-19,1.52,1.52,1.51,1.51,5154636.0,0.02,1.34,1.478,1.473,1.467,4786090.7,5066814.05,4816300.84
2019-06-18,1.47,1.49,1.49,1.47,6239234.0,0.02,1.36,1.47,1.466,1.466,4518833.15,4678765.05,4793322.84
2019-06-17,1.47,1.49,1.47,1.47,4929405.0,0.01,0.69,1.472,1.461,1.466,4163965.85,4229982.33,4679959.33
2019-06-14,1.47,1.47,1.46,1.46,2585221.5,0.0,0.0,1.474,1.459,1.467,4705847.25,4036609.83,4544192.73
2019-06-13,1.47,1.47,1.46,1.45,5021957.0,-0.01,-0.68,1.472,1.459,1.47,5588385.45,4457203.18,4539647.65
2019-06-12,1.5,1.5,1.47,1.47,3818348.25,-0.03,-2.0,1.468,1.459,1.472,5347537.4,4392343.98,4515947.65
2019-06-11,1.49,1.5,1.5,1.49,4464897.5,0.02,1.35,1.462,1.459,1.473,4838696.95,4607199.65,4520975.54
2019-06-10,1.46,1.49,1.48,1.46,7638812.0,0.03,2.07,1.45,1.456,1.473,4295998.8,4978175.2,4359753.46
2019-06-06,1.45,1.45,1.45,1.44,6997912.5,0.01,0.69,1.444,1.455,1.474,3367372.4,4676725.2,4331510.89
2019-06-05,1.45,1.46,1.44,1.44,3817716.75,0.0,0.0,1.446,1.456,1.477,3326020.9,4515128.85,4216580.69
2019-06-04,1.45,1.45,1.44,1.43,1274146.0,0.0,0.0,1.45,1.46,1.481,3437150.55,4565787.63,4269870.3
2019-06-03,1.45,1.45,1.44,1.44,1751406.75,-0.01,-0.69,1.456,1.465,1.486,4375702.35,4907880.63,4497650.4
2019-05-31,1.45,1.46,1.45,1.45,2995680.0,-0.01,-0.69,1.462,1.47,1.49,5660351.6,5129936.33,4729505.41
2019-05-30,1.46,1.47,1.46,1.45,6791155.0,0.0,0.0,1.466,1.475,1.495,5986078.0,5051775.63,4762083.25
2019-05-29,1.47,1.47,1.46,1.46,4373365.0,-0.01,-0.68,1.466,1.48,1.499,5704236.8,4622092.13,4657281.5
2019-05-28,1.46,1.47,1.47,1.46,5966905.0,0.0,0.0,1.47,1.485,1.503,5694424.7,4639551.33,4773315.0
2019-05-27,1.47,1.47,1.47,1.45,8174653.0,0.0,0.0,1.474,1.487,1.507,5440058.9,4434751.43,4726314.08
2019-05-24,1.47,1.48,1.47,1.47,4624312.0,0.01,0.69,1.478,1.49,1.511,4599521.05,3741331.73,4650132.6
2019-05-23,1.48,1.48,1.46,1.46,5381949.0,-0.02,-1.35,1.484,1.493,1.516,4117473.25,3986296.58,4757003.43
2019-05-22,1.49,1.49,1.48,1.48,4324304.5,-0.01,-0.67,1.494,1.497,1.52,3539947.45,3918032.53,4622619.64
2019-05-21,1.49,1.5,1.49,1.49,4695076.0,0.0,0.0,1.5,1.501,1.524,3584677.95,3973952.98,4530180.26
2019-05-20,1.49,1.5,1.49,1.49,3971963.75,-0.01,-0.67,1.5,1.506,1.527,3429443.95,4087420.18,4492048.65
2019-05-17,1.52,1.52,1.5,1.49,2214073.0,-0.01,-0.66,1.502,1.509,1.531,2883142.4,4329074.5,4605698.89
2019-05-16,1.5,1.51,1.51,1.5,2494320.0,0.0,0.0,1.502,1.514,1.534,3855119.9,4472390.88,4941457.24
2019-05-15,1.5,1.51,1.51,1.5,4547957.0,0.02,1.34,1.5,1.518,1.536,4296117.6,4692470.88,5011068.43
2019-05-14,1.5,1.5,1.49,1.49,3918906.0,-0.01,-0.67,1.502,1.521,1.538,4363228.0,4907078.68,5258376.08
2019-05-13,1.5,1.5,1.5,1.49,1240456.0,0.0,0.0,1.512,1.527,1.541,4745396.4,5017876.73,5490099.58
2019-05-10,1.51,1.52,1.5,1.49,7073960.5,0.0,0.0,1.516,1.532,1.545,5775006.6,5558933.48,5934251.93
2019-05-09,1.52,1.52,1.5,1.49,4699308.5,-0.02,-1.32,1.526,1.538,1.548,5089661.85,5527710.28,5952495.43
2019-05-08,1.52,1.53,1.52,1.52,4883509.0,-0.02,-1.3,1.536,1.543,1.551,5088824.15,5327206.75,5989417.33
2019-05-07,1.54,1.55,1.54,1.53,5829748.0,0.02,1.32,1.54,1.547,1.553,5450929.35,5086407.55,6162120.53
2019-05-06,1.54,1.54,1.52,1.52,6388507.0,-0.03,-1.94,1.542,1.548,1.553,5290357.05,4896677.13,6187798.35
2019-04-30,1.55,1.56,1.55,1.54,3647236.75,0.0,0.0,1.548,1.552,1.554,5342860.35,4882323.28,6259548.35
2019-04-29,1.54,1.56,1.55,1.54,4695120.0,0.01,0.65,1.55,1.553,1.554,5965758.7,5410523.6,6477593.51
2019-04-26,1.54,1.55,1.54,1.54,6694035.0,-0.01,-0.65,1.55,1.553,1.552,5565589.35,5329665.98,6367790.26
2019-04-25,1.54,1.56,1.55,1.54,5026886.5,0.0,0.0,1.554,1.554,1.55,4721885.75,5609673.48,6448296.64
2019-04-24,1.57,1.57,1.55,1.55,6651023.5,-0.01,-0.64,1.554,1.555,1.547,4502997.2,5962322.43,6490966.86
2019-04-23,1.55,1.56,1.56,1.55,6761728.5,0.01,0.65,1.556,1.557,1.544,4421786.2,6309570.38,6465195.59
2019-04-22,1.56,1.57,1.55,1.55,2694273.25,-0.01,-0.64,1.556,1.558,1.541,4855288.5,6377280.58,6539639.41
2019-04-19,1.56,1.57,1.56,1.56,2475517.0,0.01,0.65,1.556,1.559,1.539,5093742.6,6651627.9,6621703.25
2019-04-18,1.56,1.56,1.55,1.55,3932443.75,-0.01,-0.64,1.554,1.558,1.536,6497461.2,7237833.5,7044577.5
2019-04-17,1.57,1.57,1.56,1.56,6244968.5,0.0,0.0,1.556,1.558,1.535,7421647.65,7478919.58,7325418.06
2019-04-16,1.55,1.56,1.56,1.54,8929240.0,0.01,0.65,1.558,1.556,1.534,8197354.55,7636773.43,7484193.49
2019-04-15,1.57,1.58,1.55,1.55,3886543.75,0.0,0.0,1.56,1.554,1.532,7899272.65,7544663.43,7295231.61
2019-04-12,1.55,1.56,1.55,1.55,9494110.0,-0.01,-0.64,1.562,1.55,1.53,8209513.2,7405914.55,7377127.28
2019-04-11,1.57,1.57,1.56,1.55,8553376.0,-0.01,-0.64,1.562,1.545,1.528,7978205.8,7286919.8,7155707.6
2019-04-10,1.57,1.57,1.57,1.56,10123503.0,0.0,0.0,1.56,1.539,1.525,7536191.5,7019611.3,7347632.55
2019-04-09,1.56,1.57,1.57,1.56,7438830.5,0.01,0.64,1.554,1.531,1.522,7076192.3,6620820.8,7259401.3
2019-04-08,1.56,1.57,1.56,1.56,5437746.5,0.01,0.65,1.548,1.523,1.517,7190054.2,6701998.25,7182482.4
2019-04-04,1.56,1.56,1.55,1.55,8337573.0,0.0,0.0,1.538,1.518,1.513,6602315.9,6591778.6,7035153.3
2019-04-03,1.55,1.56,1.55,1.54,6343304.5,0.01,0.65,1.528,1.514,1.51,6595633.8,6851321.5,6938246.23
2019-04-02,1.54,1.55,1.54,1.54,7823507.0,0.0,0.0,1.518,1.512,1.508,6503031.1,7171916.55,6849404.53
2019-04-01,1.53,1.54,1.54,1.53,8008140.0,0.03,1.99,1.508,1.511,1.506,6165449.3,7331613.55,6724480.58
2019-03-29,1.5,1.52,1.51,1.5,2499055.0,0.01,0.67,1.498,1.509,1.504,6213942.3,7045799.8,6551094.13
2019-03-28,1.49,1.5,1.5,1.49,8304162.5,0.0,0.0,1.498,1.51,1.504,6581241.3,7348340.0,6630440.54
2019-03-27,1.49,1.5,1.5,1.49,5880291.0,0.01,0.67,1.5,1.51,1.503,7107009.2,7024495.4,6589141.31
2019-03-26,1.49,1.5,1.49,1.48,6135598.0,0.0,0.0,1.506,1.51,1.503,7840802.0,7675653.8,6603164.71
2019-03-25,1.49,1.5,1.49,1.49,8250605.0,-0.02,-1.32,1.514,1.512,1.503,8497777.8,7897981.8,6497749.69
2019-03-22,1.52,1.52,1.51,1.5,4335550.0,0.0,0.0,1.52,1.511,1.503,7877657.3,7662966.55,6348515.31
2019-03-21,1.53,1.53,1.51,1.51,10933002.0,-0.02,-1.31,1.522,1.507,1.503,8115438.7,7478528.0,6358250.44
2019-03-20,1.53,1.53,1.53,1.52,9549255.0,0.0,0.0,1.52,1.506,1.502,6941981.6,7025170.95,5960237.64
2019-03-19,1.53,1.53,1.53,1.53,9420477.0,0.01,0.66,1.514,1.504,1.499,7510505.6,6526892.5,5673955.73
2019-03-18,1.52,1.53,1.52,1.51,5150002.5,0.0,0.0,1.51,1.501,1.497,7298185.8,6117347.6,5326510.16
2019-03-15,1.5,1.52,1.52,1.5,5524457.0,0.02,1.33,1.502,1.499,1.495,7448275.8,6056388.45,5210723.8
2019-03-14,1.5,1.51,1.5,1.5,5065716.5,0.0,0.0,1.492,1.497,1.493,6841617.3,5912541.08,5027532.15
2019-03-13,1.51,1.51,1.5,1.5,12391875.0,-0.01,-0.66,1.492,1.496,1.492,7108360.3,6153787.23,4986772.63
2019-03-12,1.5,1.51,1.51,1.5,8358878.0,0.03,2.03,1.494,1.495,1.492,5543279.4,5530675.63,4764496.98
2019-03-11,1.48,1.49,1.48,1.47,5900452.5,0.01,0.68,1.492,1.493,1.49,4936509.4,5097517.58,4531907.18
2019-03-08,1.49,1.49,1.47,1.47,2491164.5,-0.03,-2.0,1.496,1.495,1.49,4664501.1,5034064.08,4357678.15
2019-03-07,1.51,1.51,1.5,1.5,6399431.5,-0.01,-0.66,1.502,1.498,1.49,4983464.85,5237972.88,4355217.48
2019-03-06,1.5,1.51,1.51,1.5,4566470.5,0.01,0.67,1.5,1.497,1.487,5199214.15,4895304.33,4139012.48
2019-03-05,1.5,1.51,1.5,1.5,5325028.0,0.0,0.0,1.496,1.494,1.484,5518071.85,4821018.95,4003703.8
2019-03-04,1.5,1.52,1.5,1.5,4540411.0,0.0,0.0,1.494,1.492,1.481,5258525.75,4535672.73,3797091.22
2019-03-01,1.49,1.5,1.5,1.49,4085983.25,0.01,0.67,1.494,1.491,1.478,5403627.05,4365059.15,3717713.91
2019-02-28,1.49,1.5,1.49,1.49,7478178.0,0.0,0.0,1.494,1.488,1.475,5492480.9,4142523.23,3597006.84
2019-02-27,1.5,1.51,1.49,1.49,6160759.0,0.0,0.0,1.494,1.488,1.472,4591394.5,3819758.03,3388982.51
2019-02-26,1.5,1.5,1.49,1.49,4027297.5,-0.01,-0.67,1.492,1.488,1.468,4123966.05,3998318.33,3219447.21
2019-02-25,1.51,1.51,1.5,1.5,5265917.5,0.0,0.0,1.49,1.487,1.465,3812819.7,3966296.78,3131395.44
2019-02-22,1.49,1.5,1.5,1.49,4530252.5,0.01,0.67,1.488,1.485,1.461,3326491.25,3681292.23,2978545.71
2019-02-21,1.48,1.5,1.49,1.48,2972746.0,0.01,0.68,1.482,1.481,1.457,2792565.55,3472462.08,2846732.46
2019-02-20,1.49,1.49,1.48,1.48,3823616.75,0.0,0.0,1.482,1.477,1.453,3048121.55,3382720.63,2987802.66
2019-02-19,1.49,1.5,1.48,1.48,2471565.75,-0.01,-0.67,1.484,1.473,1.449,3872670.6,3186388.65,2906307.42
2019-02-18,1.47,1.49,1.49,1.47,2834275.25,0.02,1.36,1.484,1.469,1.445,4119773.85,3058509.71,2892604.53
2019-02-15,1.49,1.49,1.47,1.46,1860624.0,-0.02,-1.34,1.482,1.464,1.44,4036093.2,3070368.66,2894902.27
2019-02-14,1.5,1.5,1.49,1.49,4250526.0,0.0,0.0,1.48,1.461,1.436,4152358.6,3051490.45,2894696.12
2019-02-13,1.48,1.5,1.49,1.47,7946362.0,0.01,0.68,1.472,1.455,1.431,3717319.7,2958207.0,2993256.77
2019-02-12,1.48,1.48,1.48,1.47,3707082.0,0.0,0.0,1.462,1.448,1.426,2500106.7,2440576.1,2772586.54
2019-02-11,1.46,1.48,1.48,1.46,2415872.0,0.02,1.37,1.454,1.442,1.421,1997245.58,2296494.1,2748604.54
2019-02-01,1.46,1.46,1.46,1.45,2441951.0,0.01,0.69,1.446,1.437,1.416,2104644.13,2275799.2,2890575.99
2019-01-31,1.45,1.46,1.45,1.44,2075331.5,0.01,0.69,1.442,1.433,1.411,1950622.3,2221002.84,2890463.26
2019-01-30,1.44,1.44,1.44,1.43,1860297.0,0.0,0.0,1.438,1.428,1.405,2199094.3,2592884.69,2903735.83
2019-01-29,1.44,1.44,1.44,1.43,1192776.38,0.0,0.0,1.434,1.425,1.399,2381045.5,2626226.19,2933945.88
2019-01-28,1.45,1.45,1.44,1.43,2952864.75,0.0,0.0,1.43,1.421,1.395,2595742.63,2726699.35,3012404.71
2019-01-25,1.43,1.45,1.44,1.43,1671841.88,0.01,0.7,1.428,1.415,1.391,2446954.28,2719435.88,3175600.43
2019-01-24,1.42,1.43,1.43,1.42,3317691.5,0.01,0.7,1.424,1.41,1.386,2491383.38,2737901.79,3269650.56
2019-01-23,1.42,1.43,1.42,1.42,2770053.0,0.0,0.0,1.418,1.406,1.381,2986675.08,3028306.54,3251091.39
2019-01-22,1.43,1.44,1.42,1.42,2266262.0,-0.01,-0.7,1.416,1.404,1.379,2871406.88,3104596.99,3239986.38
2019-01-21,1.42,1.44,1.43,1.42,2208923.0,0.01,0.7,1.412,1.4,1.376,2857656.08,3200714.99,3289196.13
2019-01-18,1.41,1.43,1.42,1.41,1893987.38,0.02,1.43,1.402,1.394,1.373,2991917.48,3505352.79,3349729.54
2019-01-17,1.41,1.42,1.4,1.4,5794150.0,-0.01,-0.71,1.396,1.388,1.371,2984420.2,3559923.68,3347918.93
2019-01-16,1.41,1.41,1.41,1.39,2193712.0,0.01,0.71,1.394,1.381,1.37,3069938.0,3214586.98,3147055.09
2019-01-15,1.38,1.4,1.4,1.38,2197508.0,0.02,1.45,1.392,1.373,1.37,3337787.1,3241665.58,3094697.09
2019-01-14,1.39,1.39,1.38,1.37,2880230.0,-0.01,-0.72,1.388,1.368,1.37,3543773.9,3298110.08,3084660.08
2019-01-11,1.4,1.4,1.39,1.39,1856501.0,0.0,0.0,1.386,1.366,1.372,4018788.1,3631764.98,3078250.62
2019-01-10,1.4,1.4,1.39,1.38,6221739.0,-0.01,-0.71,1.38,1.361,1.372,4135427.15,3801399.33,3104635.84
2019-01-09,1.39,1.41,1.4,1.39,3532957.5,0.02,1.45,1.368,1.356,1.372,3359235.95,3473876.25,2890824.53
2019-01-08,1.37,1.38,1.38,1.37,3227442.0,0.01,0.73,1.354,1.353,1.371,3145544.05,3375375.78,2825625.29
2019-01-07,1.38,1.39,1.37,1.37,5255301.0,0.01,0.73,1.348,1.352,1.372,3052446.25,3377677.28,2758869.68
2019-01-04,1.32,1.36,1.36,1.32,2439696.25,0.03,2.26,1.346,1.352,1.373,3244741.85,3194106.3,2605172.24
2019-01-03,1.33,1.34,1.33,1.33,2340783.0,0.0,0.0,1.342,1.354,1.377,3467371.5,3135914.18,2591656.78
2019-01-02,1.36,1.37,1.33,1.33,2464498.0,-0.02,-1.48,1.344,1.359,1.382,3588516.55,3079523.2,2603559.63
2018-12-28,1.37,1.37,1.35,1.35,2761953.0,-0.01,-0.73,1.352,1.366,1.389,3605207.5,2947728.6,2581510.05
2018-12-27,1.38,1.38,1.36,1.36,6216779.0,0.02,1.49,1.356,1.371,1.393,3702908.3,2871210.09,2537548.49
2018-12-26,1.34,1.35,1.34,1.34,3552844.5,0.0,0.0,1.358,1.377,1.396,3143470.75,2524736.26,2326621.09
2018-12-25,1.36,1.36,1.34,1.34,2946508.25,-0.03,-2.19,1.366,1.383,1.401,2804456.85,2407872.36,2278193.79
2018-12-24,1.37,1.37,1.37,1.36,2547952.75,0.0,0.0,1.374,1.387,1.405,2570529.85,2307772.8,2302588.43
2018-12-21,1.37,1.37,1.37,1.35,3250457.0,0.0,0.0,1.38,1.388,1.407,2290249.7,2275874.8,2301626.94
2018-12-20,1.38,1.38,1.37,1.36,3419591.25,-0.01,-0.72,1.386,1.391,1.408,2039511.88,2140062.08,2217070.54
2018-12-19,1.39,1.39,1.38,1.38,1857775.0,0.0,0.0,1.396,1.394,1.41,1906001.78,2016238.18,2184418.52
2018-12-18,1.39,1.4,1.38,1.38,1776873.25,-0.02,-1.43,1.4,1.399,1.411,2011287.88,2047399.38,2276329.01
2018-12-17,1.4,1.41,1.4,1.4,1146552.0,0.0,0.0,1.4,1.405,1.411,2045015.75,2127596.05,2362548.64
2018-12-14,1.41,1.41,1.4,1.4,1996767.88,-0.02,-1.41,1.396,1.411,1.412,2261499.9,2215291.5,2436080.84
2018-12-13,1.41,1.42,1.42,1.41,2752040.75,0.02,1.43,1.396,1.414,1.412,2240612.27,2203886.9,2493407.84
2018-12-12,1.4,1.4,1.4,1.39,2384205.5,0.02,1.45,1.392,1.414,1.41,2126474.57,2128505.93,2501616.61
2018-12-11,1.38,1.39,1.38,1.38,1945512.62,0.0,0.0,1.398,1.418,1.409,2083510.87,2148515.23,2533160.28
2018-12-10,1.39,1.39,1.38,1.37,2228972.75,-0.02,-1.43,1.41,1.422,1.409,2210176.35,2297404.06,2555169.72
2018-12-07,1.4,1.41,1.4,1.4,1892329.75,0.0,0.0,1.426,1.426,1.409,2169083.1,2327379.09,2555655.18
2018-12-06,1.41,1.41,1.4,1.39,2181352.25,-0.03,-2.1,1.432,1.425,1.408,2167161.53,2294079.01,2589926.97
2018-12-05,1.43,1.44,1.43,1.43,2169387.0,-0.01,-0.69,1.436,1.425,1.409,2130537.28,2352598.86,2613280.93
2018-12-04,1.45,1.45,1.44,1.44,2578840.0,-0.02,-1.37,1.438,1.422,1.407,2213519.58,2505258.64,2663168.28
2018-12-03,1.46,1.47,1.46,1.45,2023506.5,0.03,2.1,1.434,1.417,1.405,2384631.78,2597501.24,2709947.98
2018-11-30,1.43,1.44,1.43,1.42,1882721.88,0.01,0.7,1.426,1.412,1.401,2485675.08,2656870.19,2796719.96
2018-11-29,1.45,1.46,1.42,1.42,1998231.0,-0.02,-1.39,1.418,1.409,1.4,2420996.5,2782928.78,3041794.81
2018-11-28,1.42,1.44,1.44,1.42,2584298.5,0.02,1.41,1.414,1.406,1.398,2574660.45,2874727.3,3073131.79
2018-11-27,1.42,1.43,1.42,1.41,3434401.0,0.0,0.0,1.406,1.4,1.393,2796997.7,2917805.33,3080087.25
2018-11-26,1.4,1.42,1.42,1.4,2528723.0,0.03,2.16,1.4,1.396,1.388,2810370.7,2812935.38,2968663.67
2018-11-23,1.39,1.4,1.39,1.39,1559329.0,-0.01,-0.71,1.398,1.392,1.384,2828065.3,2783931.28,2913511.5
2018-11-22,1.4,1.4,1.4,1.39,2766550.75,0.0,0.0,1.4,1.391,1.381,3144861.05,2885774.93,2921301.38
2018-11-21,1.38,1.4,1.4,1.37,3695984.75,0.01,0.72,1.398,1.392,1.378,3174794.15,2873963.0,2920045.68
2018-11-20,1.4,1.41,1.39,1.39,3501266.0,-0.02,-1.42,1.394,1.392,1.376,3038612.95,2821077.93,2903309.94
2018-11-19,1.41,1.42,1.41,1.4,2617196.0,0.01,0.71,1.392,1.392,1.375,2815500.05,2822394.73,2887212.36
2018-11-16,1.4,1.41,1.4,1.39,3143307.75,0.01,0.72,1.386,1.39,1.374,2739797.25,2936569.73,2958150.46
2018-11-15,1.39,1.4,1.39,1.38,2916216.25,0.01,0.72,1.382,1.391,1.373,2626688.8,3300660.85,2893373.97
2018-11-14,1.39,1.39,1.38,1.37,3015078.75,0.0,0.0,1.386,1.389,1.372,2573131.85,3271536.28,2809662.36
2018-11-13,1.36,1.39,1.38,1.36,2385701.5,0.0,0.0,1.39,1.385,1.372,2603542.9,3242369.18,2751625.17
2018-11-12,1.38,1.39,1.38,1.38,2238682.0,0.0,0.0,1.392,1.38,1.371,2829289.4,3124391.96,2732621.71
2018-11-09,1.4,1.4,1.38,1.38,2577765.5,-0.03,-2.13,1.394,1.375,1.37,3133342.2,3043091.73,2706341.79
2018-11-08,1.42,1.42,1.41,1.41,2648431.5,0.01,0.71,1.4,1.371,1.37,3974632.9,2956827.83,2676724.52
2018-11-07,1.4,1.43,1.4,1.39,3167134.0,0.01,0.72,1.392,1.364,1.367,3969940.7,2966128.35,2640215.46
2018-11-06,1.4,1.4,1.39,1.39,3514434.0,0.0,0.0,1.38,1.36,1.367,3881195.45,2985541.95,2563140.41
2018-11-05,1.39,1.4,1.39,1.38,3758946.0,-0.02,-1.42,1.368,1.357,1.368,3419494.53,2952030.0,2528098.44
2018-11-02,1.4,1.42,1.41,1.39,6784219.0,0.04,2.92,1.356,1.358,1.369,2952841.25,2979731.2,2427271.94
2018-11-01,1.36,1.38,1.37,1.36,2624970.5,0.03,2.24,1.342,1.355,1.373,1939022.75,2486087.09,2152148.39
2018-10-31,1.34,1.35,1.34,1.34,2723407.75,0.01,0.75,1.336,1.354,1.378,1962316.0,2347788.44,2149414.31
2018-10-30,1.33,1.35,1.33,1.33,1205929.38,0.0,0.0,1.34,1.358,1.386,2089888.45,2260881.16,2097770.52
2018-10-29,1.34,1.34,1.33,1.33,1425679.62,-0.01,-0.75,1.346,1.361,1.393,2484565.47,2340851.46,2083708.1
2018-10-26,1.35,1.35,1.34,1.33,1715126.5,0.0,0.0,1.36,1.364,1.401,3006621.15,2369591.85,2090051.89
2018-10-25,1.32,1.34,1.34,1.32,2741436.75,-0.02,-1.47,1.368,1.368,1.407,3033151.43,2396621.21,2077868.01
2018-10-24,1.37,1.38,1.36,1.36,3361270.0,0.0,0.0,1.372,1.369,1.412,2733260.88,2314302.58,2037634.72
2018-10-23,1.4,1.4,1.36,1.36,3179314.5,-0.04,-2.86,1.376,1.374,1.416,2431873.88,2140738.88,2033528.49
2018-10-22,1.41,1.41,1.4,1.38,4035958.0,0.02,1.45,1.376,1.379,1.42,2197137.45,2104166.88,1932356.87
2018-10-19,1.35,1.38,1.38,1.35,1847777.88,0.02,1.47,1.368,1.38,1.422,1732562.55,1874812.68,1791985.63
2018-10-18,1.38,1.38,1.36,1.36,1241984.0,-0.02,-1.45,1.368,1.39,1.424,1760091.0,1818209.69,1813748.64
2018-10-17,1.37,1.39,1.38,1.37,1854335.0,0.02,1.47,1.366,1.402,1.426,1895344.28,1951040.19,1886766.65
2018-10-16,1.37,1.38,1.36,1.36,2005632.38,0.0,0.0,1.372,1.413,1.428,1849603.88,1934659.88,1883485.65
2018-10-15,1.38,1.38,1.36,1.36,1713083.5,-0.02,-1.45,1.382,1.425,1.43,2011196.3,1826564.73,2057620.23
2018-10-12,1.36,1.38,1.38,1.35,1985420.12,0.03,2.22,1.392,1.438,1.434,2017062.8,1810511.92,2040048.8
2018-10-11,1.37,1.37,1.35,1.35,1918250.38,-0.06,-4.25,1.412,1.445,1.436,1876328.38,1759114.81,2010082.82
2018-10-10,1.41,1.42,1.41,1.4,1625633.0,0.0,0.0,1.438,1.455,1.441,2006736.1,1760966.86,2060764.32
2018-10-09,1.41,1.42,1.41,1.4,2813594.5,0.0,0.0,1.454,1.458,1.445,2019715.88,1926318.11,2075485.16
2018-10-08,1.45,1.45,1.41,1.41,1742416.0,-0.07,-4.73,1.468,1.46,1.447,1641933.16,1760546.86,2008262.25
2018-09-28,1.48,1.49,1.48,1.48,1281748.0,0.0,0.0,1.484,1.464,1.451,1603961.04,1709158.58,1963002.65
2018-09-27,1.49,1.49,1.48,1.48,2570289.0,-0.01,-0.67,1.478,1.458,1.451,1641901.24,1809287.58,2015722.75
2018-09-26,1.48,1.5,1.49,1.47,1690531.88,0.01,0.68,1.472,1.45,1.452,1515197.62,1822493.11,1948029.05
2018-09-25,1.47,1.48,1.48,1.47,924680.94,-0.01,-0.67,1.462,1.442,1.452,1832920.34,1832311.42,1963205.25
2018-09-21,1.46,1.49,1.49,1.46,1552555.38,0.04,2.76,1.452,1.435,1.453,1879160.55,2288675.73,2013061.41
2018-09-20,1.46,1.47,1.45,1.45,1471449.0,0.0,0.0,1.444,1.429,1.452,1814356.13,2269585.69,2018664.56
2018-09-19,1.45,1.46,1.45,1.44,1936770.88,0.01,0.69,1.438,1.427,1.453,1976673.93,2261050.84,2036310.05
2018-09-18,1.43,1.44,1.44,1.42,3279145.5,0.01,0.7,1.428,1.427,1.454,2129788.6,2360561.78,2026201.56
2018-09-17,1.44,1.44,1.43,1.42,1155882.0,-0.02,-1.38,1.422,1.431,1.455,1831702.5,2224652.21,1940754.53
2018-09-14,1.43,1.45,1.45,1.43,1228533.25,0.03,2.11,1.418,1.434,1.456,2698190.9,2255977.65,1989178.68
2018-09-13,1.42,1.42,1.42,1.41,2283038.0,0.02,1.43,1.414,1.437,1.456,2724815.25,2216846.73,2038682.54
2018-09-12,1.41,1.41,1.4,1.4,2702344.25,-0.01,-0.71,1.416,1.444,1.457,2545427.75,2222157.93,2134140.24
2018-09-11,1.42,1.42,1.41,1.41,1788715.0,0.0,0.0,1.426,1.454,1.459,2591334.95,2073565.0,2071948.92
2018-09-10,1.42,1.43,1.41,1.41,5488324.0,-0.02,-1.4,1.44,1.462,1.462,2617601.93,2094099.09,2067774.06
2018-09-07,1.43,1.44,1.43,1.42,1361655.0,0.0,0.0,1.45,1.47,1.466,1813764.4,1737447.1,1909289.46
2018-09-06,1.44,1.45,1.43,1.43,1386100.5,-0.02,-1.38,1.46,1.475,1.469,1708878.2,1767743.43,1948702.15
2018-09-05,1.48,1.48,1.45,1.45,2931880.25,-0.03,-2.03,1.472,1.479,1.473,1898888.1,1811569.26,1986656.93
2018-09-04,1.47,1.48,1.48,1.46,1920049.88,0.02,1.37,1.482,1.481,1.475,1555795.05,1691841.34,2009522.34
2018-09-03,1.48,1.48,1.46,1.46,1469136.38,-0.02,-1.35,1.484,1.479,1.476,1570596.25,1656856.85,1984559.29
2018-08-31,1.48,1.48,1.48,1.47,837224.0,-0.01,-0.67,1.49,1.478,1.476,1661129.8,1722379.71,2047248.26
2018-08-30,1.5,1.5,1.49,1.49,2336150.0,-0.01,-0.67,1.49,1.474,1.476,1826608.65,1860518.36,2074752.73
2018-08-29,1.49,1.5,1.5,1.49,1216415.0,0.01,0.67,1.486,1.469,1.474,1724250.43,2046122.56,2083694.73
2018-08-28,1.5,1.51,1.49,1.49,1994055.88,0.0,0.0,1.48,1.464,1.474,1827887.63,2070332.84,2168062.85
2018-08-27,1.48,1.49,1.49,1.47,1921804.12,0.01,0.68,1.474,1.462,1.475,1743117.45,2041449.04,2259849.81
2018-08-24,1.46,1.48,1.48,1.46,1664618.25,0.01,0.68,1.466,1.461,1.476,1783629.63,2081131.83,2307658.61
2018-08-23,1.47,1.48,1.47,1.46,1824358.88,0.0,0.0,1.458,1.463,1.478,1894428.08,2129660.88,2403972.35
2018-08-22,1.46,1.47,1.47,1.45,1734601.0,0.01,0.69,1.452,1.467,1.479,2367994.7,2161744.59,2421997.62
2018-08-21,1.46,1.47,1.46,1.45,1570205.0,0.01,0.69,1.448,1.469,1.482,2312778.05,2327203.34,2509914.24
2018-08-20,1.44,1.45,1.45,1.44,2124365.0,0.01,0.69,1.45,1.472,1.484,2339780.63,2312261.74,2656031.59
2018-08-17,1.45,1.45,1.44,1.44,2218610.5,0.0,0.0,1.456,1.474,1.486,2378634.03,2372116.81,2681662.84
2018-08-16,1.44,1.46,1.44,1.44,4192192.0,-0.01,-0.69,1.468,1.477,1.488,2364893.68,2288987.09,2742987.88
2018-08-15,1.47,1.47,1.45,1.45,1458517.75,-0.02,-1.36,1.482,1.479,1.489,1955494.48,2121266.89,2686715.98
2018-08-14,1.48,1.49,1.47,1.46,1705217.88,-0.01,-0.68,1.49,1.484,1.49,2341628.63,2265792.86,2718807.53
2018-08-13,1.49,1.49,1.48,1.48,2318632.0,-0.02,-1.33,1.494,1.488,1.489,2284742.85,2478250.58,2808567.79
2018-08-10,1.51,1.51,1.5,1.5,2149908.75,-0.01,-0.66,1.492,1.491,1.489,2365599.6,2534185.4,2839550.59
2018-08-09,1.49,1.51,1.51,1.48,2145196.0,0.02,1.34,1.486,1.492,1.487,2213080.5,2678283.83,2883571.43
2018-08-08,1.5,1.5,1.49,1.49,3389188.5,0.0,0.0,1.476,1.491,1.486,2287039.3,2682250.65,2921445.56
2018-08-07,1.47,1.49,1.49,1.47,1420789.0,0.02,1.36,1.478,1.494,1.484,2189957.1,2692625.15,2882567.48
2018-08-06,1.47,1.48,1.47,1.46,2722915.75,0.0,0.0,1.482,1.496,1.484,2671758.3,2999801.45,3034603.88
2018-08-03,1.47,1.47,1.47,1.46,1387313.25,0.01,0.69,1.49,1.497,1.484,2702771.2,2991208.88,2990468.29
2018-08-02,1.5,1.5,1.46,1.45,2514990.0,-0.04,-2.67,1.498,1.498,1.483,3143487.15,3196988.68,3015819.65
2018-08-01,1.51,1.52,1.5,1.5,2903777.5,-0.01,-0.66,1.506,1.499,1.482,3077462.0,3252165.08,3051809.65
2018-07-31,1.51,1.51,1.51,1.5,3829795.0,0.0,0.0,1.51,1.495,1.479,3195293.2,3171822.2,3076321.69
2018-07-30,1.51,1.52,1.51,1.51,2877980.25,0.0,0.0,1.51,1.49,1.476,3327844.6,3138885.0,3168006.69
2018-07-27,1.51,1.52,1.51,1.5,3590893.0,0.01,0.67,1.504,1.486,1.473,3279646.55,3144915.78,3062573.44
2018-07-26,1.52,1.52,1.5,1.5,2184864.25,-0.02,-1.32,1.498,1.482,1.471,3250490.2,3088859.03,3066359.18
2018-07-25,1.51,1.52,1.52,1.51,3492933.5,0.01,0.66,1.492,1.48,1.468,3426868.15,3160640.48,3108293.29
2018-07-24,1.49,1.51,1.51,1.48,4492552.0,0.03,2.03,1.48,1.474,1.465,3148351.2,3072509.8,3188541.16
2018-07-23,1.48,1.49,1.48,1.47,2636990.0,0.0,0.0,1.47,1.471,1.462,2949925.4,3069406.3,3085259.21
2018-07-20,1.47,1.48,1.48,1.46,3445111.25,0.01,0.68,1.468,1.471,1.461,3010185.0,2989727.7,3078747.3
2018-07-19,1.47,1.48,1.47,1.46,3066754.0,0.01,0.69,1.466,1.468,1.461,2927227.85,2834650.63,3096978.75
2018-07-18,1.47,1.47,1.46,1.46,2100348.75,0.0,0.0,1.468,1.465,1.465,2894412.8,2851454.23,3108202.7
2018-07-17,1.47,1.47,1.46,1.46,3500423.0,-0.01,-0.68,1.468,1.462,1.47,2996668.4,2980821.18,3225626.26
2018-07-16,1.48,1.48,1.47,1.47,2938288.0,0.0,0.0,1.472,1.462,1.474,3188887.2,3197128.38,3156921.33
2018-07-13,1.48,1.48,1.47,1.47,3030325.5,-0.01,-0.68,1.474,1.46,1.479,2969270.4,2980231.1,3085688.27
2018-07-12,1.46,1.48,1.48,1.46,2902678.75,0.02,1.37,1.47,1.46,1.484,2742073.4,3043859.33,3187618.39
2018-07-11,1.45,1.47,1.46,1.45,2611626.75,-0.02,-1.35,1.462,1.456,1.49,2808495.65,3055946.1,3397633.26
2018-07-10,1.49,1.49,1.48,1.47,4461517.0,0.0,0.0,1.456,1.455,1.498,2964973.95,3304572.53,3419610.88
2018-07-09,1.47,1.48,1.48,1.47,1840204.0,0.03,2.07,1.452,1.453,1.505,3205369.55,3101112.13,3318170.71
2018-07-06,1.45,1.47,1.45,1.44,1894340.5,0.01,0.69,1.446,1.451,1.512,2991191.8,3167766.9,3437458.36
2018-07-05,1.43,1.45,1.44,1.42,3234790.0,0.01,0.7,1.45,1.453,1.521,3345645.25,3359306.88,3567288.83
2018-07-04,1.46,1.46,1.43,1.43,3394018.25,-0.03,-2.06,1.45,1.464,1.53,3303396.55,3364951.18,3625141.68
2018-07-03,1.46,1.46,1.46,1.44,5663495.0,0.01,0.69,1.454,1.477,1.54,3644171.1,3470431.35,3567686.12
2018-07-02,1.47,1.48,1.45,1.45,769315.25,-0.02,-1.36,1.454,1.485,1.547,2996854.7,3116714.28,3389137.82
2018-06-29,1.45,1.47,1.47,1.45,3666607.75,0.03,2.08,1.456,1.498,1.554,3344342.0,3191145.44,3486192.91
2018-06-28,1.44,1.45,1.44,1.43,3023546.5,-0.01,-0.69,1.456,1.508,1.559,3372968.5,3331377.46,3505174.08
2018-06-27,1.46,1.47,1.45,1.44,5097891.0,-0.01,-0.69,1.478,1.524,1.565,3426505.8,3739320.41,3575987.41
2018-06-26,1.46,1.47,1.46,1.44,2426913.0,0.0,0.0,1.5,1.541,1.572,3296691.6,3534649.24,3470355.66
2018-06-25,1.47,1.48,1.46,1.46,2506751.75,-0.01,-0.68,1.516,1.557,1.579,3236573.85,3535229.29,3598077.01
2018-06-22,1.48,1.48,1.47,1.46,3809740.25,0.0,0.0,1.54,1.572,1.585,3037948.88,3707149.81,3659275.01
2018-06-21,1.56,1.57,1.55,1.55,3291233.0,-0.01,-0.64,1.56,1.589,1.59,3289786.43,3775270.79,3631074.32
2018-06-20,1.54,1.57,1.56,1.54,4448820.0,0.02,1.3,1.57,1.596,1.592,4052135.03,3885332.19,3713252.84
2018-06-19,1.55,1.56,1.54,1.54,2126324.25,-0.04,-2.53,1.582,1.602,1.595,3772606.88,3664940.89,3814995.19
2018-06-15,1.58,1.59,1.58,1.58,1513626.88,0.01,0.64,1.598,1.609,1.599,3833884.73,3661561.36,3973445.76
2018-06-14,1.6,1.6,1.57,1.57,5068928.0,-0.03,-1.88,1.604,1.609,1.6,4376350.75,3781240.38,4073224.51
2018-06-13,1.61,1.62,1.6,1.6,7102976.0,-0.02,-1.24,1.618,1.609,1.601,4260755.15,3678970.7,4042519.11
2018-06-12,1.62,1.63,1.62,1.61,3051179.25,0.0,0.0,1.622,1.605,1.601,3718529.35,3412654.4,3886909.96
2018-06-11,1.61,1.62,1.62,1.61,2432713.5,0.01,0.62,1.622,1.602,1.6,3557274.9,3406062.08,3900728.66
2018-06-08,1.63,1.64,1.61,1.61,4225957.0,-0.03,-1.83,1.62,1.6,1.599,3489238.0,3660924.73,4013643.71
2018-06-07,1.63,1.64,1.64,1.63,4490950.0,0.02,1.24,1.614,1.597,1.598,3186130.0,3611400.2,4053646.56
2018-06-06,1.62,1.63,1.62,1.62,4391847.0,0.0,0.0,1.6,1.591,1.595,3097186.25,3486877.85,4131498.39
2018-06-05,1.61,1.62,1.62,1.61,2244907.0,0.01,0.62,1.588,1.588,1.593,3106779.45,3541173.5,4070230.48
2018-06-04,1.6,1.62,1.61,1.6,2092529.0,0.03,1.9,1.582,1.587,1.59,3254849.25,3965049.5,4106509.49
2018-06-01,1.58,1.59,1.58,1.57,2710417.0,0.01,0.64,1.58,1.588,1.586,3832611.45,4285330.15,4188521.89
2018-05-31,1.57,1.57,1.57,1.56,4046231.25,0.01,0.64,1.58,1.59,1.584,4036670.4,4365208.65,4319653.86
2018-05-30,1.57,1.57,1.56,1.56,4439813.0,-0.03,-1.89,1.582,1.592,1.584,3876569.45,4406067.53,4275397.35
2018-05-29,1.6,1.6,1.59,1.59,2985256.0,-0.01,-0.62,1.588,1.596,1.584,3975567.55,4361165.53,4270320.95
2018-05-28,1.59,1.6,1.6,1.58,4981340.0,0.02,1.27,1.592,1.597,1.582,4675249.75,4395395.25,4287890.08
2018-05-25,1.59,1.59,1.58,1.58,3730711.75,0.0,0.0,1.596,1.598,1.579,4738048.85,4366362.7,4346323.43
2018-05-24,1.59,1.59,1.58,1.58,3245726.5,-0.01,-0.63,1.6,1.599,1.577,4693746.9,4495892.93,4401928.61
2018-05-23,1.61,1.61,1.59,1.59,4934803.5,-0.02,-1.24,1.602,1.599,1.576,4935565.6,4776118.93,4478928.64
2018-05-22,1.62,1.62,1.61,1.61,6483667.0,-0.01,-0.62,1.604,1.597,1.574,4746763.5,4599287.45,4460367.46
2018-05-21,1.61,1.62,1.62,1.61,5295335.5,0.02,1.25,1.602,1.592,1.571,4115540.75,4247969.48,4387090.06
2018-05-18,1.6,1.6,1.6,1.59,3509202.0,0.01,0.63,1.6,1.584,1.568,3994676.55,4091713.63,4276878.76
2018-05-17,1.61,1.61,1.59,1.59,4454820.0,-0.01,-0.62,1.598,1.578,1.564,4298038.95,4274099.08,4352416.69
2018-05-16,1.6,1.61,1.6,1.59,3990793.0,0.0,0.0,1.596,1.575,1.561,4616672.25,4144727.18,4386620.19
2018-05-15,1.62,1.62,1.6,1.6,3327553.25,-0.01,-0.62,1.59,1.572,1.558,4451811.4,4179476.38,4474319.59
2018-05-14,1.61,1.62,1.61,1.6,4691014.5,0.02,1.26,1.582,1.567,1.556,4380398.2,4180384.9,4505072.54
2018-05-11,1.59,1.6,1.59,1.59,5026014.0,0.01,0.63,1.568,1.559,1.553,4188750.7,4326284.15,4452978.44
2018-05-10,1.58,1.59,1.58,1.58,6047986.5,0.01,0.64,1.558,1.555,1.551,4250159.2,4307964.3,4386145.89
2018-05-09,1.56,1.57,1.57,1.56,3166488.75,0.01,0.64,1.554,1.553,1.55,3672782.1,4181738.35,4421059.94
2018-05-08,1.54,1.56,1.56,1.54,2970487.25,0.02,1.3,1.554,1.551,1.549,3907141.35,4321447.48,4575568.6
2018-05-07,1.54,1.55,1.54,1.53,3732777.0,0.0,0.0,1.552,1.55,1.546,3980371.6,4526210.65,4621437.65
2018-05-04,1.56,1.56,1.54,1.53,5333056.5,-0.02,-1.28,1.55,1.551,1.545,4463817.6,4462043.9,4607345.16
2018-05-03,1.56,1.56,1.56,1.55,3161101.0,-0.01,-0.64,1.552,1.55,1.544,4365769.4,4430734.3,4480301.29
2018-05-02,1.57,1.58,1.57,1.57,4338285.0,0.02,1.29,1.552,1.547,1.542,4690694.6,4628513.2,4452512.03
2018-04-27,1.54,1.55,1.55,1.54,3336638.5,0.02,1.31,1.548,1.543,1.54,4735753.6,4769162.8,4451988.63
2018-04-26,1.55,1.56,1.53,1.53,6150007.0,-0.02,-1.29,1.548,1.544,1.539,5072049.7,4829760.18,4448040.01
2018-04-25,1.56,1.56,1.55,1.54,4842815.5,-0.01,-0.64,1.552,1.546,1.54,4460270.2,4579672.73,4438167.41
2018-04-24,1.55,1.57,1.56,1.55,4785727.0,0.01,0.65,1.548,1.547,1.54,4495699.2,4464327.48,4480621.69
2018-04-23,1.55,1.55,1.55,1.54,4563580.0,0.0,0.0,1.542,1.547,1.538,4566331.8,4660381.53,4543177.44
2018-04-20,1.55,1.56,1.55,1.55,5018119.0,0.0,0.0,1.538,1.546,1.541,4802572.0,4829689.73,4491595.74
2018-04-19,1.54,1.56,1.55,1.54,3091109.5,0.02,1.31,1.54,1.542,1.544,4587470.65,4716664.65,4415265.49
2018-04-18,1.54,1.55,1.53,1.52,5019960.5,0.0,0.0,1.54,1.539,1.547,4699075.25,4752646.43,4462051.55
2018-04-17,1.54,1.54,1.53,1.52,5138890.0,0.0,0.0,1.546,1.538,1.552,4432955.75,4529868.28,4346690.48
2018-04-16,1.56,1.56,1.53,1.53,5744781.0,-0.03,-1.92,1.552,1.537,1.555,4754431.25,4276510.85,4277651.93
2018-04-13,1.57,1.57,1.56,1.56,3942612.25,0.01,0.65,1.554,1.537,1.559,4856807.45,4134814.45,4195838.26
2018-04-12,1.57,1.57,1.55,1.55,3649132.5,-0.01,-0.64,1.544,1.534,1.561,4845858.65,4066319.85,4093555.08
2018-04-11,1.57,1.57,1.56,1.56,3689363.0,0.0,0.0,1.538,1.534,1.564,4806217.6,4296662.1,4070060.01
2018-04-10,1.53,1.56,1.56,1.53,6746267.5,0.02,1.3,1.53,1.532,1.567,4626780.8,4496915.9,4043340.58
2018-04-09,1.53,1.54,1.54,1.52,6256662.0,0.03,1.99,1.522,1.529,1.569,3798590.45,4425973.35,3967580.96
2018-04-04,1.53,1.54,1.51,1.51,3887868.25,-0.01,-0.66,1.52,1.535,1.57,3412821.45,4153501.75,3786737.01
2018-04-03,1.52,1.53,1.52,1.51,3450927.25,0.0,0.0,1.524,1.546,1.572,3286781.05,4113866.33,3749977.16
2018-04-02,1.52,1.53,1.52,1.52,2792179.0,0.0,0.0,1.53,1.555,1.574,3787106.6,4171456.68,3712624.91
2018-03-30,1.53,1.54,1.52,1.52,2605315.75,-0.01,-0.65,1.534,1.565,1.576,4367051.0,4163512.68,3729382.63
2018-03-29,1.53,1.54,1.53,1.5,4327817.0,0.0,0.0,1.536,1.573,1.578,5053356.25,4278793.0,3722305.26
2018-03-28,1.53,1.55,1.53,1.53,3257666.25,-0.02,-1.29,1.55,1.581,1.581,4894182.05,4256862.08,3686846.91
2018-03-27,1.56,1.56,1.55,1.55,5952555.0,0.01,0.65,1.568,1.588,1.583,4940951.6,4120790.31,3665085.18
2018-03-26,1.53,1.54,1.54,1.52,5691901.0,0.01,0.65,1.58,1.594,1.586,4555806.75,3843457.91,3473872.98
2018-03-23,1.53,1.55,1.53,1.53,6036842.0,-0.07,-4.38,1.596,1.602,1.589,3959974.35,3589765.26,3326505.88
2018-03-22,1.61,1.62,1.6,1.59,3531946.0,-0.02,-1.24,1.61,1.608,1.593,3504229.75,3509188.56,3116759.18
2018-03-21,1.62,1.64,1.62,1.61,3491514.0,0.01,0.62,1.612,1.605,1.593,3619542.1,3419972.26,3026849.02
2018-03-20,1.61,1.62,1.61,1.6,4026830.75,-0.01,-0.62,1.608,1.597,1.59,3300629.02,3386087.99,2921716.7
2018-03-19,1.61,1.62,1.62,1.6,2712739.0,0.02,1.25,1.608,1.593,1.586,3131109.07,3253793.14,2864187.51
2018-03-16,1.61,1.62,1.6,1.6,3758119.0,-0.01,-0.62,1.608,1.586,1.581,3219556.17,3295252.59,2922964.45
2018-03-15,1.59,1.61,1.61,1.59,4108507.75,0.01,0.62,1.606,1.583,1.577,3514147.37,3165817.51,2882929.74
2018-03-14,1.61,1.61,1.6,1.59,1896948.62,-0.01,-0.62,1.598,1.58,1.574,3220402.42,3116831.74,2802750.26
2018-03-13,1.62,1.62,1.61,1.61,3179231.0,-0.01,-0.62,1.586,1.578,1.572,3471546.95,3209380.05,2965324.73
2018-03-12,1.61,1.62,1.62,1.61,3154974.5,0.03,1.89,1.578,1.577,1.57,3376477.2,3104288.05,3079590.48
2018-03-09,1.59,1.6,1.59,1.58,5231075.0,0.02,1.27,1.564,1.576,1.571,3370949.0,3063246.5,3284011.36
2018-03-08,1.56,1.57,1.57,1.56,2639783.0,0.03,1.95,1.56,1.578,1.575,2817487.65,2724329.8,3252074.68
2018-03-07,1.56,1.57,1.54,1.54,3152671.25,-0.03,-1.91,1.562,1.581,1.58,3013261.05,2633725.78,3367220.01
2018-03-06,1.56,1.57,1.57,1.55,2703882.25,0.02,1.29,1.57,1.583,1.587,2947213.15,2457345.41,3569743.34
2018-03-05,1.57,1.57,1.55,1.54,3127333.5,-0.02,-1.27,1.576,1.579,1.592,2832098.9,2474581.89,3716117.26
2018-03-02,1.57,1.58,1.57,1.56,2463768.25,-0.01,-0.63,1.588,1.576,1.599,2755544.0,2550676.31,3753657.46
2018-03-01,1.57,1.59,1.58,1.56,3618650.0,0.0,0.0,1.596,1.57,1.606,2631171.95,2600041.96,3957552.04
2018-02-28,1.58,1.59,1.58,1.57,2822431.75,-0.02,-1.25,1.6,1.568,1.611,2254190.5,2488668.79,3977650.73
2018-02-27,1.62,1.63,1.6,1.6,2128311.0,-0.01,-0.62,1.596,1.565,1.618,1967477.67,2721269.41,3961445.16
2018-02-26,1.62,1.62,1.61,1.61,2744559.0,0.0,0.0,1.582,1.562,1.623,2117064.87,3054892.91,4017330.19
2018-02-23,1.61,1.61,1.61,1.6,1841908.0,0.01,0.62,1.564,1.565,1.627,2345808.62,3504776.21,3976969.02
2018-02-22,1.6,1.6,1.6,1.59,1733742.75,0.04,2.56,1.544,1.571,1.63,2568911.97,3779819.56,4044842.52
2018-02-14,1.54,1.56,1.56,1.54,1388867.62,0.03,1.96,1.536,1.579,1.633,2723147.07,4100714.24,4064480.24
2018-02-13,1.53,1.55,1.53,1.53,2876247.0,0.01,0.66,1.534,1.59,1.638,3475061.15,4682141.28,4132998.74
2018-02-12,1.52,1.52,1.52,1.51,3888277.75,0.01,0.66,1.542,1.605,1.645,3992720.95,4957652.63,4058997.41
2018-02-09,1.52,1.52,1.51,1.5,2957424.75,-0.05,-3.21,1.566,1.622,1.651,4663743.8,4956638.6,4039407.56
2018-02-08,1.55,1.57,1.56,1.54,2504918.25,0.01,0.65,1.598,1.642,1.657,4990727.15,5315062.13,4025341.31
2018-02-07,1.6,1.6,1.55,1.54,5148438.0,-0.02,-1.27,1.622,1.654,1.661,5478281.4,5466632.68,3993518.39
2018-02-06,1.59,1.61,1.57,1.57,5464546.0,-0.07,-4.27,1.646,1.67,1.666,5889221.4,5201620.9,3881717.26
2018-02-05,1.63,1.65,1.64,1.62,7243392.0,-0.03,-1.8,1.668,1.684,1.669,5922584.3,4979767.48,3766495.72
2018-02-02,1.67,1.68,1.67,1.65,4592341.5,-0.01,-0.59,1.678,1.688,1.668,5249533.4,4449161.84,3586455.62
2018-02-01,1.68,1.69,1.68,1.67,4942689.5,0.01,0.6,1.686,1.688,1.665,5639397.1,4309865.49,3433759.91
2018-01-31,1.67,1.68,1.67,1.66,7203138.0,-0.01,-0.59,1.686,1.687,1.662,5454983.95,4028246.24,3304223.67
2018-01-30,1.69,1.7,1.68,1.68,5631360.5,-0.01,-0.59,1.694,1.686,1.659,4514020.4,3583856.21,3033056.68
2018-01-29,1.72,1.73,1.69,1.69,3878137.5,-0.02,-1.17,1.7,1.684,1.655,4036950.65,3160342.2,2881945.6
2018-01-26,1.69,1.72,1.71,1.69,6541660.0,0.03,1.79,1.698,1.679,1.649,3648790.27,3122176.53,2843828.36
2018-01-25,1.71,1.71,1.68,1.68,4020623.75,-0.03,-1.75,1.69,1.672,1.642,2980333.87,2735620.5,2746627.36
2018-01-24,1.71,1.71,1.71,1.7,2498320.25,0.0,0.0,1.688,1.668,1.636,2601508.52,2520404.11,2764975.08
2018-01-23,1.69,1.71,1.71,1.69,3246011.75,0.03,1.79,1.678,1.661,1.629,2653692.02,2561813.61,2943698.49
2018-01-22,1.67,1.69,1.68,1.67,1937335.62,0.01,0.6,1.668,1.653,1.622,2283733.75,2553223.96,2941556.23
2018-01-19,1.67,1.68,1.67,1.66,3199378.0,0.0,0.0,1.66,1.647,1.616,2595562.78,2723749.4,3061635.64
2018-01-18,1.67,1.68,1.67,1.66,2126497.0,0.01,0.6,1.654,1.641,1.611,2490907.13,2557654.33,3098463.03
2018-01-17,1.66,1.66,1.66,1.65,2759237.75,0.0,0.0,1.648,1.636,1.605,2439299.7,2580201.1,3220042.68
2018-01-16,1.64,1.66,1.66,1.64,1396220.38,0.02,1.22,1.644,1.631,1.6,2469935.2,2482257.14,3320922.54
2018-01-15,1.66,1.66,1.64,1.64,3496480.75,0.0,0.0,1.638,1.625,1.594,2822714.18,2603549.0,3552053.25
2018-01-12,1.64,1.65,1.64,1.64,2676099.75,0.0,0.0,1.634,1.619,1.589,2851936.03,2565480.2,3600879.26
2018-01-11,1.64,1.64,1.64,1.63,1868459.88,0.0,0.0,1.628,1.612,1.585,2624401.53,2757634.23,3806625.48
2018-01-10,1.63,1.65,1.64,1.63,2912415.25,0.01,0.61,1.624,1.604,1.581,2721102.5,3009546.04,3953159.28
2018-01-09,1.62,1.63,1.63,1.62,3160115.25,0.01,0.62,1.618,1.597,1.577,2494579.07,3325583.36,4026395.22
2018-01-08,1.62,1.62,1.62,1.61,3642590.0,0.01,0.62,1.612,1.591,1.573,2384383.82,3329888.49,4079091.71
2018-01-05,1.62,1.62,1.61,1.61,1538427.25,-0.01,-0.62,1.604,1.585,1.57,2279024.37,3399521.89,4102065.48
2018-01-04,1.61,1.62,1.62,1.61,2351964.75,0.01,0.62,1.596,1.58,1.568,2890866.92,3639271.74,4244489.83
2018-01-03,1.61,1.62,1.61,1.6,1779798.12,0.01,0.62,1.584,1.573,1.565,3297989.57,3859884.26,4355814.83
2018-01-02,1.58,1.6,1.6,1.58,2609139.0,0.02,1.27,1.576,1.568,1.562,4156587.65,4159587.95,4516815.88
2017-12-29,1.58,1.58,1.58,1.57,3115792.75,0.01,0.64,1.57,1.563,1.559,4275393.15,4500557.5,4643994.33
2017-12-28,1.57,1.58,1.57,1.57,4597640.0,0.01,0.64,1.566,1.559,1.558,4520019.4,4636278.33,4753151.59
2017-12-27,1.57,1.57,1.56,1.56,4387578.0,-0.01,-0.64,1.564,1.558,1.557,4387676.55,4855616.73,4765114.02
2017-12-26,1.57,1.57,1.57,1.57,6072788.5,0.0,0.0,1.562,1.558,1.557,4421778.95,4896772.53,4796575.35
2017-12-25,1.56,1.57,1.57,1.56,3203166.5,0.01,0.64,1.56,1.556,1.555,4162588.25,4727207.08,4680555.98
2017-12-22,1.56,1.56,1.56,1.56,4338924.0,0.0,0.0,1.556,1.554,1.554,4725721.85,4828294.93,4828294.93
2017-12-21,1.54,1.56,1.56,1.54,3935925.75,0.01,0.65,1.552,1.553,1.553,4752537.25,4882669.47,4882669.47
2017-12-20,1.56,1.56,1.55,1.55,4558090.0,-0.01,-0.64,1.552,1.553,1.553,5323556.9,5001012.44,5001012.44
2017-12-19,1.56,1.57,1.56,1.56,4776835.0,0.01,0.65,1.554,1.553,1.553,5371766.1,5064287.07,5064287.07
2017-12-18,1.55,1.55,1.55,1.54,6018834.5,0.01,0.65,1.552,1.552,1.552,5291825.9,5112195.75,5112195.75
2017-12-15,1.55,1.55,1.54,1.54,4473001.0,-0.02,-1.28,1.552,1.552,1.552,4930868.0,4930868.0,4930868.0
2017-12-14,1.57,1.57,1.56,1.56,6791024.0,0.0,0.0,1.555,1.555,1.555,5045334.75,5045334.75,5045334.75
2017-12-13,1.55,1.57,1.56,1.54,4799136.0,0.01,0.65,1.553,1.553,1.553,4463438.33,4463438.33,4463438.33
2017-12-12,1.55,1.56,1.55,1.55,4377134.0,0.0,0.0,1.55,1.55,1.55,4295589.5,4295589.5,4295589.5
2017-12-11,1.54,1.55,1.55,1.54,4214045.0,0.01,0.65,1.55,1.55,1.55,4214045.0,4214045.0,4214045.0
