,trade_date,open,close,high,low,pre_close,change,pct_chg,ts_code
0,20200609,24906.01,25057.22,25253.67,24837.73,24776.77,280.45,1.1319,HSI
1,20200608,25018.05,24776.77,25018.78,24678.55,24770.41,6.36,0.0257,HSI
2,20200605,,24366.3,,,24366.3,0.0,,HSI
3,20200604,24643.84,24366.3,24643.84,24204.1,24325.62,40.68,0.1672,HSI
4,20200603,24303.56,24325.62,24364.01,24219.96,23995.94,329.68,1.3739,HSI
5,20200602,23792.24,23995.94,23995.94,23766.15,23732.52,263.42,1.11,HSI
6,20200601,23539.91,23732.52,23806.32,23539.91,22961.47,771.05,3.358,HSI
7,20200529,22781.11,22961.47,23089.77,22781.11,23132.76,-171.29,-0.7405,HSI
8,20200528,23206.75,23132.76,23451.78,22779.62,23301.36,-168.6,-0.7236,HSI
9,20200527,23515.14,23301.36,23515.14,23134.61,23384.66,-83.3,-0.3562,HSI
10,20200526,23198.34,23384.66,23481.48,23165.49,22952.24,432.42,1.884,HSI
11,20200525,22725.7,22952.24,22968.65,22519.73,22930.14,22.1,0.0964,HSI
12,20200522,23756.91,22930.14,23756.91,22878.26,24280.03,-1349.89,-5.5597,HSI
13,20200521,24528.91,24280.03,24528.91,24208.16,24399.95,-119.92,-0.4915,HSI
14,20200520,24462.9,24399.95,24514.87,24315.75,24388.13,11.82,0.0485,HSI
15,20200519,24489.55,24388.13,24552.55,24314.45,23934.77,453.36,1.8941,HSI
16,20200518,23736.67,23934.77,23952.05,23722.17,23797.47,137.3,0.577,HSI
17,20200515,23834.68,23797.47,23985.12,23671.61,23829.74,-32.27,-0.1354,HSI
18,20200514,24038.07,23829.74,24081.19,23790.27,24180.3,-350.56,-1.4498,HSI
19,20200513,24111.67,24180.3,24320.2,23979.37,24245.68,-65.38,-0.2697,HSI
20,20200512,24358.0,24245.68,24411.04,24136.2,24602.06,-356.38,-1.4486,HSI
21,20200511,24470.18,24602.06,24766.83,24470.18,24230.17,371.89,1.5348,HSI
22,20200508,24193.36,24230.17,24263.73,24097.12,23980.63,249.54,1.0406,HSI
23,20200507,24120.81,23980.63,24120.81,23913.5,24137.48,-156.85,-0.6498,HSI
24,20200506,23868.02,24137.48,24235.03,23868.02,23868.66,268.82,1.1262,HSI
25,20200430,,24643.59,,,24643.59,0.0,,HSI
26,20200429,24786.02,24643.59,24855.47,24549.62,24575.96,67.63,0.2752,HSI
27,20200428,24401.12,24575.96,24582.66,24176.88,24280.14,295.82,1.2184,HSI
28,20200427,24030.66,24280.14,24318.81,24030.54,23831.33,448.81,1.8833,HSI
29,20200424,23844.55,23831.33,23957.17,23730.49,23977.32,-145.99,-0.6089,HSI
30,20200423,23983.65,23977.32,24107.88,23806.3,23893.36,83.96,0.3514,HSI
31,20200422,23540.54,23893.36,23939.29,23483.31,23793.55,99.81,0.4195,HSI
32,20200421,24247.84,23793.55,24247.84,23676.13,24330.02,-536.47,-2.205,HSI
33,20200420,24503.56,24330.02,24503.56,24225.55,24380.0,-49.98,-0.205,HSI
34,20200417,24457.83,24380.0,24666.64,24308.78,24006.45,373.55,1.556,HSI
35,20200416,24025.45,24006.45,24102.91,23854.79,24145.34,-138.89,-0.5752,HSI
36,20200415,24499.86,24145.34,24603.6,24090.5,24435.4,-290.06,-1.187,HSI
37,20200414,24347.61,24435.4,24546.39,24283.13,24300.33,135.07,0.5558,HSI
38,20200413,,24300.33,,,24300.33,0.0,,HSI
39,20200410,,24300.33,,,24300.33,0.0,,HSI
40,20200409,24181.32,24300.33,24308.69,24045.18,23970.37,329.96,1.3765,HSI
41,20200408,24191.32,23970.37,24191.32,23897.4,24253.29,-282.92,-1.1665,HSI
42,20200407,24093.05,24253.29,24262.01,23796.03,23749.12,504.17,2.1229,HSI
43,20200403,23072.95,23236.11,23236.11,23030.58,23280.06,-43.95,-0.1888,HSI
44,20200402,22838.67,23280.06,23280.06,22756.13,23085.79,194.27,0.8415,HSI
45,20200401,23365.9,23085.79,23540.01,22947.64,23603.48,-517.69,-2.1933,HSI
46,20200331,23613.27,23603.48,23627.53,23238.04,23175.11,428.37,1.8484,HSI
47,20200330,23020.85,23175.11,23491.51,22973.33,23484.28,-309.17,-1.3165,HSI
48,20200327,23768.41,23484.28,23791.2,23354.01,23352.34,131.94,0.565,HSI
49,20200326,23604.83,23352.34,23604.83,23163.67,23527.19,-174.85,-0.7432,HSI
50,20200325,23255.91,23527.19,23569.45,23062.23,22663.49,863.7,3.811,HSI
51,20200324,22497.57,22663.49,22753.01,22383.25,21696.13,967.36,4.4587,HSI
52,20200323,21659.55,21696.13,22064.31,21659.55,22805.07,-1108.94,-4.8627,HSI
53,20200320,22147.34,22805.07,22805.07,22147.34,21709.13,1095.94,5.0483,HSI
54,20200319,22221.38,21709.13,22380.34,21139.26,22291.82,-582.69,-2.6139,HSI
55,20200318,23023.34,22291.82,23425.03,22167.42,23263.73,-971.91,-4.1778,HSI
56,20200317,23001.76,23263.73,23401.2,22676.46,23063.57,200.16,0.8679,HSI
57,20200316,23317.81,23063.57,23631.53,22842.25,24032.91,-969.34,-4.0334,HSI
58,20200313,22519.32,24032.91,24184.48,22519.32,24309.07,-276.16,-1.136,HSI
59,20200312,24657.67,24309.07,24657.67,24117.94,25231.61,-922.54,-3.6563,HSI
60,20200311,25459.96,25231.61,25493.23,25140.38,25392.51,-160.9,-0.6337,HSI
61,20200310,25285.68,25392.51,25578.61,24978.97,25040.46,352.05,1.4059,HSI
62,20200309,25134.02,25040.46,25321.28,24948.38,26146.67,-1106.21,-4.2308,HSI
63,20200306,26397.78,26146.67,26408.8,26084.23,26767.87,-621.2,-2.3207,HSI
64,20200305,26348.16,26767.87,26805.58,26315.36,26222.07,545.8,2.0815,HSI
65,20200304,26321.56,26222.07,26372.48,26038.39,26284.82,-62.75,-0.2387,HSI
66,20200303,26419.13,26284.82,26527.75,26233.39,26291.68,-6.86,-0.0261,HSI
67,20200302,26077.73,26291.68,26375.91,26077.73,26129.93,161.75,0.619,HSI
68,20200228,26249.06,26129.93,26313.55,25989.41,26778.62,-648.69,-2.4224,HSI
69,20200227,26529.17,26778.62,26849.57,26419.97,26696.49,82.13,0.3076,HSI
70,20200226,26479.9,26696.49,26776.06,26479.9,26893.23,-196.74,-0.7316,HSI
71,20200225,26722.39,26893.23,26914.05,26667.04,26820.88,72.35,0.2698,HSI
72,20200224,27105.35,26820.88,27105.35,26813.22,27308.81,-487.93,-1.7867,HSI
73,20200221,27450.46,27308.81,27484.53,27264.78,27609.16,-300.35,-1.0879,HSI
74,20200220,27767.28,27609.16,27767.28,27383.13,27655.81,-46.65,-0.1687,HSI
75,20200219,27486.46,27655.81,27697.46,27448.6,27530.2,125.61,0.4563,HSI
76,20200218,27766.5,27530.2,27771.3,27496.25,27959.6,-429.4,-1.5358,HSI
77,20200217,27766.71,27959.6,28055.58,27766.71,27815.6,144.0,0.5177,HSI
78,20200214,27698.56,27815.6,27960.66,27695.59,27730.0,85.6,0.3087,HSI
79,20200213,27953.65,27730.0,27953.65,27695.6,27823.66,-93.66,-0.3366,HSI
80,20200212,27717.22,27823.66,27892.48,27614.83,27583.88,239.78,0.8693,HSI
81,20200211,27514.25,27583.88,27674.81,27436.99,27241.34,342.54,1.2574,HSI
82,20200210,27092.15,27241.34,27314.64,27044.88,27404.27,-162.93,-0.5945,HSI
83,20200207,27356.28,27404.27,27410.58,27224.12,27493.7,-89.43,-0.3253,HSI
84,20200206,27174.53,27493.7,27608.22,27029.49,26786.74,706.96,2.6392,HSI
85,20200205,26869.32,26786.74,26926.12,26641.92,26675.98,110.76,0.4152,HSI
86,20200204,26491.66,26675.98,26730.26,26491.66,26356.98,319.0,1.2103,HSI
87,20200203,26189.61,26356.98,26512.58,26145.59,26312.63,44.35,0.1686,HSI
88,20200123,28109.75,27909.12,28133.03,27706.37,28341.04,-431.92,-1.524,HSI
89,20200122,28116.5,28341.04,28393.93,27937.68,27985.33,355.71,1.2711,HSI
90,20200121,28449.38,27985.33,28492.03,27980.5,28795.91,-810.58,-2.8149,HSI
91,20200120,29169.12,28795.91,29174.92,28795.42,29056.42,-260.51,-0.8966,HSI
92,20200117,28988.16,29056.42,29101.15,28813.13,28883.04,173.38,0.6003,HSI
93,20200116,28806.12,28883.04,28987.73,28709.57,28773.59,109.45,0.3804,HSI
94,20200115,28891.07,28773.59,28972.68,28619.1,28885.14,-111.55,-0.3862,HSI
95,20200114,29149.53,28885.14,29149.53,28790.49,28954.94,-69.8,-0.2411,HSI
96,20200113,28772.37,28954.94,28971.4,28671.84,28638.2,316.74,1.106,HSI
97,20200110,28665.14,28638.2,28665.14,28504.27,28561.0,77.2,0.2703,HSI
98,20200109,28367.65,28561.0,28561.0,28325.86,28087.92,473.08,1.6843,HSI
99,20200108,27999.58,28087.92,28198.61,27857.73,28322.06,-234.14,-0.8267,HSI
100,20200107,28352.68,28322.06,28473.08,28264.07,28226.19,95.87,0.3396,HSI
101,20200106,28326.5,28226.19,28367.87,28054.29,28451.5,-225.31,-0.7919,HSI
102,20200103,28828.36,28451.5,28883.3,28428.17,28543.52,-92.02,-0.3224,HSI
103,20200102,28249.37,28543.52,28543.52,28245.97,28189.75,353.77,1.255,HSI
104,20191231,28241.43,28189.75,28298.46,28123.86,28319.39,-129.64,-0.4578,HSI
105,20191230,28250.48,28319.39,28418.65,28165.13,28225.42,93.97,0.3329,HSI
106,20191227,28033.66,28225.42,28226.11,28000.62,27864.21,361.21,1.2963,HSI
107,20191224,27901.51,27864.21,27921.29,27792.66,27906.41,-42.2,-0.1512,HSI
108,20191223,28024.62,27906.41,28024.62,27830.08,27871.35,35.06,0.1258,HSI
109,20191220,27834.55,27871.35,27959.52,27740.66,27800.49,70.86,0.2549,HSI
110,20191219,27908.78,27800.49,27908.78,27675.24,27884.21,-83.72,-0.3002,HSI
111,20191218,27946.74,27884.21,27970.76,27775.98,27843.71,40.5,0.1455,HSI
112,20191217,27630.69,27843.71,27894.72,27563.44,27508.09,335.62,1.2201,HSI
113,20191216,27530.5,27508.09,27715.93,27473.32,27687.76,-179.67,-0.6489,HSI
114,20191213,27494.51,27687.76,27687.76,27405.26,26994.14,693.62,2.5695,HSI
115,20191212,26837.94,26994.14,27048.98,26837.94,26645.43,348.71,1.3087,HSI
116,20191211,26410.09,26645.43,26659.98,26364.43,26436.62,208.81,0.7899,HSI
117,20191210,26378.99,26436.62,26527.09,26355.53,26494.73,-58.11,-0.2193,HSI
118,20191209,26513.97,26494.73,26618.25,26432.27,26498.37,-3.64,-0.0137,HSI
119,20191206,26345.2,26498.37,26520.08,26309.34,26217.04,281.33,1.0731,HSI
120,20191205,26300.51,26217.04,26300.51,26134.06,26062.56,154.48,0.5927,HSI
121,20191204,26071.39,26062.56,26191.79,25995.15,26391.3,-328.74,-1.2456,HSI
122,20191203,26315.97,26391.3,26424.12,26063.02,26444.72,-53.42,-0.202,HSI
123,20191202,26475.34,26444.72,26511.55,26393.09,26346.49,98.23,0.3728,HSI
124,20191129,26705.38,26346.49,26705.38,26308.1,26893.73,-547.24,-2.0348,HSI
125,20191128,26763.63,26893.73,26991.8,26763.63,26954.0,-60.27,-0.2236,HSI
126,20191127,26943.52,26954.0,26974.28,26866.8,26913.92,40.08,0.1489,HSI
127,20191126,27183.9,26913.92,27227.87,26913.92,26993.04,-79.12,-0.2931,HSI
128,20191125,26873.35,26993.04,27114.22,26852.89,26595.08,397.96,1.4964,HSI
129,20191122,26584.88,26595.08,26690.17,26487.67,26466.88,128.2,0.4844,HSI
130,20191121,26587.59,26466.88,26587.59,26306.02,26889.61,-422.73,-1.5721,HSI
131,20191120,26936.79,26889.61,26962.17,26804.35,27093.8,-204.19,-0.7536,HSI
132,20191119,26671.32,27093.8,27093.8,26605.63,26681.09,412.71,1.5468,HSI
133,20191118,26442.39,26681.09,26702.16,26406.35,26326.66,354.43,1.3463,HSI
134,20191115,26529.95,26326.66,26544.65,26300.08,26323.69,2.97,0.0113,HSI
135,20191114,26444.23,26323.69,26605.96,26203.97,26571.46,-247.77,-0.9325,HSI
136,20191113,26761.16,26571.46,26761.16,26465.33,27065.28,-493.82,-1.8246,HSI
137,20191112,27064.26,27065.28,27076.67,26794.61,26926.55,138.73,0.5152,HSI
138,20191111,27361.41,26926.55,27361.41,26830.47,27651.14,-724.59,-2.6205,HSI
139,20191108,27894.56,27651.14,27894.56,27582.29,27847.23,-196.09,-0.7042,HSI
140,20191107,27690.6,27847.23,27900.8,27534.91,27688.64,158.59,0.5728,HSI
141,20191106,27636.33,27688.64,27750.91,27547.77,27683.4,5.24,0.0189,HSI
142,20191105,27601.1,27683.4,27733.07,27463.33,27547.3,136.1,0.4941,HSI
143,20191104,27299.88,27547.3,27547.3,27299.46,27100.76,446.54,1.6477,HSI
144,20191101,26806.44,27100.76,27102.42,26800.57,26906.72,194.04,0.7212,HSI
145,20191031,26708.45,26906.72,27009.5,26708.45,26667.71,239.01,0.8963,HSI
146,20191030,26766.98,26667.71,26809.53,26602.95,26786.76,-119.05,-0.4444,HSI
147,20191029,27027.56,26786.76,27027.56,26729.06,26891.26,-104.5,-0.3886,HSI
148,20191028,26770.11,26891.26,27005.68,26762.7,26667.39,223.87,0.8395,HSI
149,20191025,26795.64,26667.39,26795.64,26621.18,26797.95,-130.56,-0.4872,HSI
150,20191024,26651.03,26797.95,26810.43,26592.18,26566.73,231.22,0.8703,HSI
151,20191023,26771.98,26566.73,26818.99,26491.71,26786.2,-219.47,-0.8193,HSI
152,20191022,26813.81,26786.2,26844.29,26698.3,26725.68,60.52,0.2264,HSI
153,20191021,26715.22,26725.68,26818.44,26658.32,26719.58,6.1,0.0228,HSI
154,20191018,26910.55,26719.58,26985.08,26650.13,26848.49,-128.91,-0.4801,HSI
155,20191017,26809.04,26848.49,26956.82,26729.51,26664.28,184.21,0.6908,HSI
156,20191016,26553.9,26664.28,26698.56,26432.43,26503.93,160.35,0.605,HSI
157,20191015,26609.13,26503.93,26609.13,26433.43,26521.85,-17.92,-0.0676,HSI
158,20191014,26520.93,26521.85,26636.93,26386.41,26308.44,213.41,0.8112,HSI
159,20191011,25986.82,26308.44,26393.01,25976.07,25707.93,600.51,2.3359,HSI
160,20191010,25625.57,25707.93,25809.58,25521.95,25682.81,25.12,0.0978,HSI
161,20191009,25736.88,25682.81,25866.84,25656.66,25893.4,-210.59,-0.8133,HSI
162,20191008,25848.73,25893.4,26180.03,25761.5,25821.03,72.37,0.2803,HSI
163,20190930,25844.71,26092.27,26161.7,25786.29,25954.81,137.46,0.5296,HSI
164,20190927,25977.98,25954.81,26017.46,25840.66,26041.93,-87.12,-0.3345,HSI
165,20190926,26075.15,26041.93,26099.64,25917.58,25945.35,96.58,0.3722,HSI
166,20190925,26162.71,25945.35,26190.56,25917.68,26281.0,-335.65,-1.2772,HSI
167,20190924,26300.21,26281.0,26391.98,26207.27,26222.4,58.6,0.2235,HSI
168,20190923,26463.62,26222.4,26483.03,26186.01,26435.67,-213.27,-0.8068,HSI
169,20190920,26532.88,26435.67,26564.36,26410.41,26468.95,-33.28,-0.1257,HSI
170,20190919,26820.73,26468.95,26820.73,26372.09,26754.12,-285.17,-1.0659,HSI
171,20190918,26838.43,26754.12,26891.16,26730.63,26790.24,-36.12,-0.1348,HSI
172,20190917,26942.96,26790.24,26951.84,26694.37,27124.55,-334.31,-1.2325,HSI
173,20190916,27212.89,27124.55,27212.89,26976.3,27352.69,-228.14,-0.8341,HSI
174,20190912,27283.98,27087.63,27283.98,26967.25,27159.06,-71.43,-0.263,HSI
175,20190911,26790.64,27159.06,27159.51,26705.63,26683.68,475.38,1.7815,HSI
176,20190910,26831.98,26683.68,26870.77,26634.47,26681.4,2.28,0.0085,HSI
177,20190909,26743.36,26681.4,26807.86,26609.65,26690.76,-9.36,-0.0351,HSI
178,20190906,26773.13,26690.76,26790.79,26563.17,26515.53,175.23,0.6609,HSI
179,20190905,26512.86,26515.53,26697.85,26283.12,26523.23,-7.7,-0.029,HSI
180,20190904,25675.16,26523.23,26654.21,25675.16,25527.85,995.38,3.8992,HSI
181,20190903,25546.32,25527.85,25736.05,25498.11,25626.55,-98.7,-0.3851,HSI
182,20190902,25627.83,25626.55,25662.31,25502.7,25724.73,-98.18,-0.3817,HSI
183,20190830,26011.64,25724.73,26011.64,25536.15,25703.5,21.23,0.0826,HSI
184,20190829,25606.33,25703.5,25714.78,25372.49,25615.48,88.02,0.3436,HSI
185,20190828,25767.08,25615.48,25830.64,25596.08,25664.07,-48.59,-0.1893,HSI
186,20190827,25715.98,25664.07,25764.61,25581.73,25680.33,-16.26,-0.0633,HSI
187,20190826,25322.0,25680.33,25692.28,25249.51,26179.33,-499.0,-1.9061,HSI
188,20190823,26057.88,26179.33,26241.22,25940.44,26048.72,130.61,0.5014,HSI
189,20190822,26272.91,26048.72,26288.24,25977.67,26270.04,-221.32,-0.8425,HSI
190,20190821,26160.54,26270.04,26318.13,26075.91,26231.54,38.5,0.1468,HSI
191,20190820,26256.54,26231.54,26347.23,26149.4,26291.84,-60.3,-0.2293,HSI
192,20190819,25994.8,26291.84,26356.22,25994.8,25734.22,557.62,2.1668,HSI
193,20190816,25484.96,25734.22,25798.11,25314.27,25495.46,238.76,0.9365,HSI
194,20190815,24945.74,25495.46,25552.13,24899.93,25302.28,193.18,0.7635,HSI
195,20190814,25711.1,25302.28,25717.98,25197.38,25281.3,20.98,0.083,HSI
196,20190813,25536.62,25281.3,25616.71,25270.91,25824.72,-543.42,-2.1043,HSI
197,20190812,25869.48,25824.72,26069.23,25824.72,25939.3,-114.58,-0.4417,HSI
198,20190809,26278.92,25939.3,26313.78,25939.3,26120.77,-181.47,-0.6947,HSI
199,20190808,25999.45,26120.77,26317.42,25999.45,25997.03,123.74,0.476,HSI
200,20190807,25977.72,25997.03,26025.44,25738.8,25976.24,20.79,0.08,HSI
201,20190806,25472.43,25976.24,26042.23,25397.35,26151.32,-175.08,-0.6695,HSI
202,20190805,26480.47,26151.32,26502.61,26086.86,26918.58,-767.26,-2.8503,HSI
203,20190802,26950.53,26918.58,27043.46,26868.96,27565.7,-647.12,-2.3476,HSI
204,20190801,27582.21,27565.7,27754.04,27495.89,27777.75,-212.05,-0.7634,HSI
205,20190731,27931.28,27777.75,27939.72,27701.44,28146.5,-368.75,-1.3101,HSI
206,20190730,28059.82,28146.5,28274.65,28059.82,28106.41,40.09,0.1426,HSI
207,20190729,28262.8,28106.41,28302.66,27945.41,28397.74,-291.33,-1.0259,HSI
208,20190726,28406.07,28397.74,28487.64,28338.3,28594.3,-196.56,-0.6874,HSI
209,20190725,28575.49,28594.3,28628.51,28517.01,28524.04,70.26,0.2463,HSI
210,20190724,28578.14,28524.04,28764.5,28515.92,28466.48,57.56,0.2022,HSI
211,20190723,28392.04,28466.48,28489.29,28313.79,28371.26,95.22,0.3356,HSI
212,20190722,28612.28,28371.26,28649.44,28303.55,28765.4,-394.14,-1.3702,HSI
213,20190719,28585.15,28765.4,28809.59,28551.2,28461.66,303.74,1.0672,HSI
214,20190718,28393.04,28461.66,28511.65,28376.5,28593.17,-131.51,-0.4599,HSI
215,20190717,28463.77,28593.17,28593.17,28377.34,28619.62,-26.45,-0.0924,HSI
216,20190716,28583.93,28619.62,28634.65,28489.41,28554.88,64.74,0.2267,HSI
217,20190715,28303.36,28554.88,28567.25,28071.19,28471.62,83.26,0.2924,HSI
218,20190712,28401.87,28471.62,28603.87,28399.66,28431.8,39.82,0.1401,HSI
219,20190711,28347.86,28431.8,28582.69,28347.86,28204.69,227.11,0.8052,HSI
220,20190710,28245.09,28204.69,28311.78,28144.87,28116.28,88.41,0.3144,HSI
221,20190709,28299.73,28116.28,28312.97,28080.73,28331.69,-215.41,-0.7603,HSI
222,20190708,28513.14,28331.69,28541.1,28194.07,28774.83,-443.14,-1.54,HSI
223,20190705,28785.53,28774.83,28880.58,28714.92,28795.77,-20.94,-0.0727,HSI
224,20190704,28891.97,28795.77,29007.98,28776.48,28855.14,-59.37,-0.2058,HSI
225,20190703,28781.97,28855.14,28891.89,28721.21,28875.56,-20.42,-0.0707,HSI
226,20190702,28904.04,28875.56,28959.06,28768.54,28542.62,332.94,1.1665,HSI
227,20190628,28632.59,28542.62,28632.59,28416.96,28621.42,-78.8,-0.2753,HSI
228,20190627,28352.94,28621.42,28621.42,28287.34,28221.98,399.44,1.4154,HSI
229,20190626,28046.16,28221.98,28267.98,27985.98,28185.98,36.0,0.1277,HSI
230,20190625,28447.96,28185.98,28470.1,28066.13,28513.0,-327.02,-1.1469,HSI
231,20190624,28400.63,28513.0,28634.48,28358.06,28473.71,39.29,0.138,HSI
232,20190621,28581.51,28473.71,28581.51,28359.25,28550.43,-76.72,-0.2687,HSI
233,20190620,28308.85,28550.43,28563.08,28258.02,28202.14,348.29,1.235,HSI
234,20190619,28224.87,28202.14,28224.87,28022.49,27498.77,703.37,2.5578,HSI
235,20190618,27289.7,27498.77,27584.12,27201.02,27227.16,271.61,0.9976,HSI
236,20190617,27252.45,27227.16,27503.1,27227.16,27118.35,108.81,0.4012,HSI
237,20190614,27180.74,27118.35,27275.88,27051.75,27294.71,-176.36,-0.6461,HSI
238,20190613,27217.72,27294.71,27294.71,26825.35,27308.46,-13.75,-0.0504,HSI
239,20190612,27603.12,27308.46,27603.12,27222.03,27789.34,-480.88,-1.7304,HSI
240,20190611,27677.06,27789.34,27857.85,27577.91,27578.64,210.7,0.764,HSI
241,20190610,27206.61,27578.64,27606.42,27155.03,26965.28,613.36,2.2746,HSI
242,20190606,26935.87,26965.28,26984.02,26837.67,26895.44,69.84,0.2597,HSI
243,20190605,27116.08,26895.44,27119.48,26803.66,26761.52,133.92,0.5004,HSI
244,20190604,26994.08,26761.52,26994.08,26671.9,26893.86,-132.34,-0.4921,HSI
245,20190603,26909.71,26893.86,26968.1,26735.48,26901.09,-7.23,-0.0269,HSI
246,20190531,27002.96,26901.09,27155.36,26850.27,27114.88,-213.79,-0.7885,HSI
247,20190530,27319.25,27114.88,27319.25,27020.73,27235.71,-120.83,-0.4436,HSI
248,20190529,27226.95,27235.71,27429.37,27178.71,27390.81,-155.1,-0.5662,HSI
249,20190528,27274.83,27390.81,27490.55,27230.09,27288.09,102.72,0.3764,HSI
250,20190527,27239.08,27288.09,27371.35,27105.22,27353.93,-65.84,-0.2407,HSI
251,20190524,27368.68,27353.93,27457.59,27291.94,27267.13,86.8,0.3183,HSI
252,20190523,27505.53,27267.13,27523.86,27169.67,27705.94,-438.81,-1.5838,HSI
253,20190522,27753.54,27705.94,27828.81,27640.62,27657.24,48.7,0.1761,HSI
254,20190521,27671.4,27657.24,27915.16,27598.06,27787.61,-130.37,-0.4692,HSI
255,20190520,27959.23,27787.61,27999.6,27699.23,27946.46,-158.85,-0.5684,HSI
256,20190517,28428.0,27946.46,28428.0,27909.73,28275.07,-328.61,-1.1622,HSI
257,20190516,28117.48,28275.07,28379.37,28050.78,28268.71,6.36,0.0225,HSI
258,20190515,28171.32,28268.71,28441.49,28171.32,28122.02,146.69,0.5216,HSI
259,20190514,27951.12,28122.02,28205.96,27925.62,28550.24,-428.22,-1.4999,HSI
260,20190510,28462.34,28550.24,28833.45,28203.22,28311.07,239.17,0.8448,HSI
261,20190509,28839.35,28311.07,28891.11,28281.98,29003.2,-692.13,-2.3864,HSI
262,20190508,28987.09,29003.2,29252.0,28945.91,29363.02,-359.82,-1.2254,HSI
263,20190507,29313.58,29363.02,29480.04,29156.45,29209.82,153.2,0.5245,HSI
264,20190506,29342.38,29209.82,29384.01,28956.47,30081.55,-871.73,-2.8979,HSI
265,20190430,29828.15,29699.11,29855.76,29620.45,29892.81,-193.7,-0.648,HSI
266,20190429,29730.85,29892.81,29917.11,29639.38,29605.01,287.8,0.9721,HSI
267,20190426,29513.08,29605.01,29672.79,29504.14,29549.8,55.21,0.1868,HSI
268,20190425,29667.52,29549.8,29849.7,29535.2,29805.83,-256.03,-0.859,HSI
269,20190424,30112.19,29805.83,30112.19,29682.87,29963.24,-157.41,-0.5253,HSI
270,20190423,29782.95,29963.24,30055.94,29755.87,29963.26,-0.02,-0.0001,HSI
271,20190418,30088.65,29963.26,30101.83,29896.86,30124.68,-161.42,-0.5358,HSI
272,20190417,30160.69,30124.68,30178.58,30004.97,30129.87,-5.19,-0.0172,HSI
273,20190416,29754.3,30129.87,30142.86,29665.11,29810.72,319.15,1.0706,HSI
274,20190415,30119.85,29810.72,30280.12,29810.72,29909.76,-99.04,-0.3311,HSI
275,20190412,29806.35,29909.76,29909.76,29694.85,29839.45,70.31,0.2356,HSI
276,20190411,30138.14,29839.45,30184.61,29783.67,30119.56,-280.11,-0.93,HSI
277,20190410,30052.27,30119.56,30139.61,29892.62,30157.49,-37.93,-0.1258,HSI
278,20190409,30065.99,30157.49,30222.02,30018.98,30077.15,80.34,0.2671,HSI
279,20190408,30119.58,30077.15,30185.06,29913.62,29936.32,140.83,0.4704,HSI
280,20190404,29950.42,29936.32,30050.91,29765.55,29986.39,-50.07,-0.167,HSI
281,20190403,29785.27,29986.39,29999.34,29715.77,29624.67,361.72,1.221,HSI
282,20190402,29736.99,29624.67,29736.99,29534.42,29562.02,62.65,0.2119,HSI
283,20190401,29383.72,29562.02,29612.37,29383.72,29051.36,510.66,1.7578,HSI
284,20190329,28812.64,29051.36,29100.69,28761.88,28775.21,276.15,0.9597,HSI
285,20190328,28663.2,28775.21,28816.59,28558.8,28728.25,46.96,0.1635,HSI
286,20190327,28564.71,28728.25,28781.63,28551.65,28566.91,161.34,0.5648,HSI
287,20190326,28677.76,28566.91,28701.6,28435.06,28523.35,43.56,0.1527,HSI
288,20190325,28501.37,28523.35,28702.24,28463.11,29113.36,-590.01,-2.0266,HSI
289,20190322,29173.33,29113.36,29243.1,28847.34,29071.56,41.8,0.1438,HSI
290,20190321,29387.75,29071.56,29446.77,29051.85,29320.97,-249.41,-0.8506,HSI
291,20190320,29357.19,29320.97,29435.81,29251.25,29466.28,-145.31,-0.4931,HSI
292,20190319,29419.14,29466.28,29486.15,29319.51,29409.01,57.27,0.1947,HSI
293,20190318,29112.44,29409.01,29409.01,29034.13,29012.26,396.75,1.3675,HSI
294,20190315,28843.86,29012.26,29204.73,28828.26,28851.39,160.87,0.5576,HSI
295,20190314,28891.06,28851.39,28932.47,28696.31,28807.45,43.94,0.1525,HSI
296,20190313,28924.28,28807.45,28924.28,28690.37,28920.87,-113.42,-0.3922,HSI
297,20190312,28760.27,28920.87,28941.09,28734.09,28503.3,417.57,1.465,HSI
298,20190311,28265.85,28503.3,28512.27,28240.78,28228.42,274.88,0.9738,HSI
299,20190308,28409.14,28228.42,28533.76,28201.09,28779.45,-551.03,-1.9147,HSI
300,20190307,28965.42,28779.45,29007.07,28772.45,29037.6,-258.15,-0.889,HSI
301,20190306,29003.25,29037.6,29122.81,28938.39,28961.6,76.0,0.2624,HSI
302,20190305,28823.16,28961.6,29025.79,28734.81,28959.59,2.01,0.0069,HSI
303,20190304,28855.11,28959.59,29241.8,28760.67,28812.17,147.42,0.5117,HSI
304,20190301,28716.6,28812.17,28860.2,28663.71,28633.18,178.99,0.6251,HSI
305,20190228,28719.71,28633.18,28917.49,28571.13,28757.44,-124.26,-0.4321,HSI
306,20190227,28833.16,28757.44,29014.19,28701.47,28772.06,-14.62,-0.0508,HSI
307,20190226,28971.23,28772.06,28971.23,28700.01,28959.3,-187.24,-0.6466,HSI
308,20190225,28975.52,28959.3,29009.98,28763.46,28816.3,143.0,0.4962,HSI
309,20190222,28478.96,28816.3,28816.3,28430.2,28629.92,186.38,0.651,HSI
310,20190221,28450.0,28629.92,28759.35,28364.85,28514.05,115.87,0.4064,HSI
311,20190220,28404.68,28514.05,28599.77,28357.3,28228.13,285.92,1.0129,HSI
312,20190219,28440.49,28228.13,28488.97,28208.87,28347.01,-118.88,-0.4194,HSI
313,20190218,28186.75,28347.01,28412.08,28186.75,27900.84,446.17,1.5991,HSI
314,20190215,28241.44,27900.84,28256.69,27845.87,28432.05,-531.21,-1.8683,HSI
315,20190214,28396.4,28432.05,28476.65,28275.18,28497.59,-65.54,-0.23,HSI
316,20190213,28184.87,28497.59,28533.36,28160.46,28171.33,326.26,1.1581,HSI
317,20190212,28093.31,28171.33,28219.59,27983.48,28143.84,27.49,0.0977,HSI
318,20190211,27927.45,28143.84,28143.84,27847.85,27946.32,197.52,0.7068,HSI
319,20190201,28193.28,27930.74,28193.28,27802.5,27942.47,-11.73,-0.042,HSI
320,20190131,27842.05,27942.47,28010.9,27773.98,27642.85,299.62,1.0839,HSI
321,20190130,27571.41,27642.85,27642.85,27369.75,27531.68,111.17,0.4038,HSI
322,20190129,27397.54,27531.68,27575.37,27328.17,27576.96,-45.28,-0.1642,HSI
323,20190128,27695.81,27576.96,27790.22,27462.37,27569.19,7.77,0.0282,HSI
324,20190125,27282.88,27569.19,27569.19,27217.75,27120.98,448.21,1.6526,HSI
325,20190124,27075.37,27120.98,27120.98,26889.79,27008.2,112.78,0.4176,HSI
326,20190123,26879.91,27008.2,27131.22,26879.91,27005.45,2.75,0.0102,HSI
327,20190122,27189.4,27005.45,27223.7,26854.66,27196.54,-191.09,-0.7026,HSI
328,20190121,27134.27,27196.54,27323.61,27084.3,27090.81,105.73,0.3903,HSI
329,20190118,26993.44,27090.81,27116.65,26915.08,26755.63,335.18,1.2527,HSI
330,20190117,26953.21,26755.63,27012.19,26703.31,26902.1,-146.47,-0.5445,HSI
331,20190116,26702.93,26902.1,26903.78,26567.52,26830.29,71.81,0.2676,HSI
332,20190115,26518.62,26830.29,26838.55,26427.45,26298.33,531.96,2.0228,HSI
333,20190114,26559.68,26298.33,26575.33,26195.78,26667.27,-368.94,-1.3835,HSI
334,20190111,26692.02,26667.27,26692.02,26494.86,26521.43,145.84,0.5499,HSI
335,20190110,26391.78,26521.43,26588.21,26212.34,26462.32,59.11,0.2234,HSI
336,20190109,26237.29,26462.32,26597.07,26192.65,25875.45,586.87,2.2681,HSI
337,20190108,25852.5,25875.45,25960.89,25688.5,25835.7,39.75,0.1539,HSI
338,20190107,26015.84,25835.7,26043.64,25753.46,25626.03,209.67,0.8182,HSI
339,20190104,24946.12,25626.03,25626.03,24924.73,25064.36,561.67,2.2409,HSI
340,20190103,25077.68,25064.36,25262.21,24896.87,25130.35,-65.99,-0.2626,HSI
341,20190102,25824.44,25130.35,25824.44,25055.27,25845.7,-715.35,-2.7678,HSI
342,20181228,25502.34,25504.2,25600.25,25416.36,25478.88,25.32,0.0994,HSI
343,20181227,25818.81,25478.88,25920.63,25446.8,25651.38,-172.5,-0.6725,HSI
344,20181224,25515.4,25651.38,25651.38,25421.43,25753.42,-102.04,-0.3962,HSI
345,20181221,25512.3,25753.42,25805.61,25313.75,25623.53,129.89,0.5069,HSI
346,20181220,25723.53,25623.53,25859.82,25416.88,25865.39,-241.86,-0.9351,HSI
347,20181219,25860.68,25865.39,25925.99,25784.09,25814.25,51.14,0.1981,HSI
348,20181218,25903.98,25814.25,26152.88,25713.5,26087.98,-273.73,-1.0493,HSI
349,20181217,26178.04,26087.98,26186.3,26002.3,26094.79,-6.81,-0.0261,HSI
350,20181214,26219.0,26094.79,26219.0,26061.47,26524.35,-429.56,-1.6195,HSI
351,20181213,26417.89,26524.35,26581.93,26314.77,26186.71,337.64,1.2894,HSI
352,20181212,26054.01,26186.71,26238.73,26013.36,25771.67,415.04,1.6105,HSI
353,20181211,25623.4,25771.67,25861.73,25623.4,25752.38,19.29,0.0749,HSI
354,20181210,25794.95,25752.38,25845.34,25570.89,26063.76,-311.38,-1.1947,HSI
355,20181207,26249.81,26063.76,26280.66,26055.78,26156.38,-92.62,-0.3541,HSI
356,20181206,26349.42,26156.38,26381.12,26016.09,26819.68,-663.3,-2.4732,HSI
357,20181205,26745.69,26819.68,26914.87,26745.69,27260.44,-440.76,-1.6168,HSI
358,20181204,27119.19,27260.44,27260.44,26984.71,27182.04,78.4,0.2884,HSI
359,20181203,27185.66,27182.04,27259.43,27006.83,26506.75,675.29,2.5476,HSI
360,20181130,26506.09,26506.75,26683.25,26396.62,26451.03,55.72,0.2107,HSI
361,20181129,26904.21,26451.03,26923.33,26399.81,26682.56,-231.53,-0.8677,HSI
362,20181128,26406.68,26682.56,26705.3,26332.66,26331.96,350.6,1.3315,HSI
363,20181127,26345.37,26331.96,26417.84,26158.97,26376.18,-44.22,-0.1677,HSI
364,20181126,26099.35,26376.18,26413.76,26031.9,25927.68,448.5,1.7298,HSI
365,20181123,25950.07,25927.68,25983.25,25807.26,26019.41,-91.73,-0.3525,HSI
366,20181122,26139.39,26019.41,26139.39,25873.38,25971.47,47.94,0.1846,HSI
367,20181121,25496.85,25971.47,25998.28,25494.51,25840.34,131.13,0.5075,HSI
368,20181120,26043.51,25840.34,26132.29,25776.22,26372.0,-531.66,-2.016,HSI
369,20181119,26278.87,26372.0,26397.39,26146.39,26183.53,188.47,0.7198,HSI
370,20181116,26041.56,26183.53,26197.31,25850.04,26103.34,80.19,0.3072,HSI
371,20181115,25862.18,26103.34,26127.14,25611.72,25654.43,448.91,1.7498,HSI
372,20181114,25874.36,25654.43,25874.36,25489.86,25792.87,-138.44,-0.5367,HSI
373,20181113,25092.3,25792.87,25792.87,25092.3,25633.18,159.69,0.623,HSI
374,20181112,25576.28,25633.18,25765.96,25505.33,25601.92,31.26,0.1221,HSI
375,20181109,25925.09,25601.92,25925.09,25475.32,26227.72,-625.8,-2.386,HSI
376,20181108,26491.27,26227.72,26491.27,26141.25,26147.69,80.03,0.3061,HSI
377,20181107,26125.09,26147.69,26530.87,25920.72,26120.96,26.73,0.1023,HSI
378,20181106,26062.24,26120.96,26159.83,25826.69,25934.39,186.57,0.7194,HSI
379,20181105,26050.34,25934.39,26146.81,25747.52,26486.35,-551.96,-2.0839,HSI
380,20181102,25980.44,26486.35,26486.35,25909.71,25416.0,1070.35,4.2113,HSI
381,20181101,25228.75,25416.0,25535.12,25190.9,24979.69,436.31,1.7467,HSI
382,20181031,24752.83,24979.69,24979.69,24700.11,24585.53,394.16,1.6032,HSI
383,20181030,24765.12,24585.53,24939.18,24540.63,24812.04,-226.51,-0.9129,HSI
384,20181029,24955.79,24812.04,24955.79,24594.74,24717.63,94.41,0.382,HSI
385,20181026,25031.49,24717.63,25062.2,24589.04,24994.46,-276.83,-1.1076,HSI
386,20181025,24766.72,24994.46,24994.46,24653.79,25249.78,-255.32,-1.0112,HSI
387,20181024,25401.17,25249.78,25653.36,25194.29,25346.55,-96.77,-0.3818,HSI
388,20181023,26015.49,25346.55,26015.49,25315.76,26153.15,-806.6,-3.0841,HSI
389,20181022,25668.33,26153.15,26234.86,25668.33,25561.4,591.75,2.315,HSI
390,20181019,25172.03,25561.4,25743.45,25090.3,25454.55,106.85,0.4198,HSI
391,20181018,25674.66,25454.55,25674.66,25261.72,25462.26,-7.71,-0.0303,HSI
392,20181016,25586.16,25462.26,25712.13,25266.54,25445.06,17.2,0.0676,HSI
393,20181015,25683.59,25445.06,25683.59,25399.54,25801.49,-356.43,-1.3814,HSI
394,20181012,25401.41,25801.49,25835.76,25286.86,25266.37,535.12,2.1179,HSI
395,20181011,25392.9,25266.37,25437.85,25125.22,26193.07,-926.7,-3.538,HSI
396,20181010,26281.28,26193.07,26499.84,26193.07,26172.91,20.16,0.077,HSI
397,20181009,26194.17,26172.91,26366.6,26067.51,26202.57,-29.66,-0.1132,HSI
398,20181008,26717.6,26202.57,26717.6,26187.83,26572.57,-370.0,-1.3924,HSI
399,20180928,27879.06,27788.52,27927.95,27672.83,27715.67,72.85,0.2628,HSI
400,20180927,27912.51,27715.67,27928.29,27638.54,27816.87,-101.2,-0.3638,HSI
401,20180926,27606.81,27816.87,28031.81,27589.37,27499.39,317.48,1.1545,HSI
402,20180921,27712.35,27953.58,27965.96,27536.27,27477.67,475.91,1.732,HSI
403,20180920,27605.72,27477.67,27628.19,27327.23,27407.37,70.3,0.2565,HSI
404,20180919,27170.02,27407.37,27488.35,27085.79,27084.66,322.71,1.1915,HSI
405,20180918,26846.33,27084.66,27156.55,26648.99,26932.85,151.81,0.5637,HSI
406,20180917,27029.91,26932.85,27037.48,26763.21,27286.41,-353.56,-1.2957,HSI
407,20180914,27229.79,27286.41,27340.02,27027.45,27014.49,271.92,1.0066,HSI
408,20180913,26798.39,27014.49,27014.49,26648.77,26345.04,669.45,2.5411,HSI
409,20180912,26462.82,26345.04,26468.91,26219.56,26422.55,-77.51,-0.2933,HSI
410,20180911,26611.93,26422.55,26690.65,26394.87,26613.42,-190.87,-0.7172,HSI
411,20180910,26922.27,26613.42,26926.63,26453.29,26973.47,-360.05,-1.3348,HSI
412,20180907,26895.87,26973.47,27196.57,26669.58,26974.82,-1.35,-0.005,HSI
413,20180906,27069.21,26974.82,27268.39,26818.82,27243.85,-269.03,-0.9875,HSI
414,20180905,27789.02,27243.85,27861.99,27208.34,27973.34,-729.49,-2.6078,HSI
415,20180904,27619.18,27973.34,27984.89,27563.79,27712.54,260.8,0.9411,HSI
416,20180903,27809.45,27712.54,27822.19,27577.04,27888.55,-176.01,-0.6311,HSI
417,20180831,27798.21,27888.55,27962.03,27720.32,28164.05,-275.5,-0.9782,HSI
418,20180830,28533.93,28164.05,28533.93,28121.4,28416.44,-252.39,-0.8882,HSI
419,20180829,28362.84,28416.44,28485.83,28272.13,28351.62,64.82,0.2286,HSI
420,20180828,28530.89,28351.62,28579.64,28234.53,28271.27,80.35,0.2842,HSI
421,20180827,28016.66,28271.27,28289.06,27956.04,27671.87,599.4,2.1661,HSI
422,20180824,27565.98,27671.87,27830.91,27532.06,27790.46,-118.59,-0.4267,HSI
423,20180823,28005.33,27790.46,28051.65,27659.21,27927.58,-137.12,-0.491,HSI
424,20180822,27836.68,27927.58,27954.52,27579.8,27752.79,174.79,0.6298,HSI
425,20180821,27670.54,27752.79,27771.3,27526.3,27598.02,154.77,0.5608,HSI
426,20180820,27273.78,27598.02,27609.8,27209.22,27213.41,384.61,1.4133,HSI
427,20180817,27388.57,27213.41,27450.84,27101.1,27100.06,113.35,0.4183,HSI
428,20180816,26871.11,27100.06,27405.25,26871.11,27323.59,-223.53,-0.8181,HSI
429,20180815,27724.72,27323.59,27727.27,27249.08,27752.93,-429.34,-1.547,HSI
430,20180814,27938.32,27752.93,27946.55,27522.82,27936.57,-183.64,-0.6573,HSI
431,20180813,27956.78,27936.57,28085.17,27823.21,28366.62,-430.05,-1.516,HSI
432,20180810,28614.73,28366.62,28665.9,28296.99,28607.3,-240.68,-0.8413,HSI
433,20180809,28260.5,28607.3,28728.17,28192.81,28359.14,248.16,0.8751,HSI
434,20180808,28473.48,28359.14,28473.48,28224.46,28248.88,110.26,0.3903,HSI
435,20180807,27889.44,28248.88,28266.68,27843.16,27819.56,429.32,1.5432,HSI
436,20180806,27885.51,27819.56,28074.53,27730.42,27676.32,143.24,0.5176,HSI
437,20180803,27751.6,27676.32,27786.15,27604.56,27714.56,-38.24,-0.138,HSI
438,20180802,28159.01,27714.56,28218.28,27578.09,28340.74,-626.18,-2.2095,HSI
439,20180801,28756.72,28340.74,28772.8,28219.97,28583.01,-242.27,-0.8476,HSI
440,20180731,28663.14,28583.01,28682.31,28538.03,28733.13,-150.12,-0.5225,HSI
441,20180730,28631.05,28733.13,28839.24,28539.56,28804.28,-71.15,-0.247,HSI
442,20180727,28734.73,28804.28,28816.69,28572.79,28781.14,23.14,0.0804,HSI
443,20180726,29083.4,28781.14,29083.4,28625.08,28920.9,-139.76,-0.4832,HSI
444,20180725,28906.97,28920.9,28964.79,28764.35,28662.57,258.33,0.9013,HSI
445,20180724,28282.3,28662.57,28718.0,28282.3,28256.12,406.45,1.4384,HSI
446,20180723,28298.61,28256.12,28391.58,28091.06,28224.48,31.64,0.1121,HSI
447,20180720,28054.76,28224.48,28294.74,27745.85,28010.86,213.62,0.7626,HSI
448,20180719,28251.16,28010.86,28329.98,27998.36,28117.42,-106.56,-0.379,HSI
449,20180718,28352.11,28117.42,28386.38,28045.47,28181.68,-64.26,-0.228,HSI
450,20180717,28451.5,28181.68,28460.87,28137.95,28539.66,-357.98,-1.2543,HSI
451,20180716,28580.96,28539.66,28699.21,28327.0,28525.44,14.22,0.0499,HSI
452,20180713,28689.18,28525.44,28715.36,28500.51,28480.83,44.61,0.1566,HSI
453,20180712,28260.09,28480.83,28614.53,28217.31,28311.69,169.14,0.5974,HSI
454,20180711,28013.72,28311.69,28365.72,28013.72,28682.25,-370.56,-1.2919,HSI
455,20180710,28900.71,28682.25,28981.93,28682.25,28688.5,-6.25,-0.0218,HSI
456,20180709,28606.16,28688.5,28821.54,28518.52,28315.62,372.88,1.3169,HSI
457,20180706,28254.37,28315.62,28554.21,27925.33,28182.09,133.53,0.4738,HSI
458,20180705,28101.85,28182.09,28320.9,27830.75,28241.67,-59.58,-0.211,HSI
459,20180704,28546.32,28241.67,28642.34,28141.28,28545.57,-303.9,-1.0646,HSI
460,20180703,28617.0,28545.57,28617.0,27990.45,28955.11,-409.54,-1.4144,HSI
461,20180629,28463.85,28955.11,28962.29,28463.85,28497.32,457.79,1.6064,HSI
462,20180628,28368.01,28497.32,28567.29,28169.1,28356.26,141.06,0.4975,HSI
463,20180627,28957.64,28356.26,28988.83,28342.82,28881.4,-525.14,-1.8183,HSI
464,20180626,28881.18,28881.4,29034.23,28505.09,28961.39,-79.99,-0.2762,HSI
465,20180625,29326.12,28961.39,29403.36,28895.4,29338.7,-377.31,-1.286,HSI
466,20180622,29215.54,29338.7,29436.84,29089.39,29296.05,42.65,0.1456,HSI
467,20180621,29764.05,29296.05,29882.27,29285.71,29696.17,-400.12,-1.3474,HSI
468,20180620,29478.46,29696.17,29944.3,29406.2,29468.15,228.02,0.7738,HSI
469,20180619,29999.01,29468.15,30012.04,29332.28,30309.49,-841.34,-2.7758,HSI
470,20180615,30411.07,30309.49,30519.29,30259.11,30440.17,-130.68,-0.4293,HSI
471,20180614,30684.07,30440.17,30777.96,30349.96,30725.15,-284.98,-0.9275,HSI
472,20180613,30990.37,30725.15,31023.73,30688.26,31103.06,-377.91,-1.215,HSI
473,20180612,31029.85,31103.06,31242.86,30944.97,31063.7,39.36,0.1267,HSI
474,20180611,31016.52,31063.7,31134.03,30898.57,30958.21,105.49,0.3407,HSI
475,20180608,31435.26,30958.21,31435.26,30874.1,31512.63,-554.42,-1.7594,HSI
476,20180607,31464.63,31512.63,31521.13,31369.28,31259.1,253.53,0.8111,HSI
477,20180606,31162.02,31259.1,31332.42,31161.37,31093.45,165.65,0.5327,HSI
478,20180605,31009.47,31093.45,31188.93,30896.11,30997.98,95.47,0.308,HSI
479,20180604,30836.77,30997.98,31012.92,30743.18,30492.91,505.07,1.6564,HSI
480,20180601,30548.78,30492.91,30581.12,30363.49,30468.56,24.35,0.0799,HSI
481,20180531,30274.18,30468.56,30533.58,30148.43,30056.79,411.77,1.37,HSI
482,20180530,30109.37,30056.79,30241.23,29964.34,30484.58,-427.79,-1.4033,HSI
483,20180529,30647.26,30484.58,30713.32,30454.18,30792.26,-307.68,-0.9992,HSI
484,20180528,30759.84,30792.26,30839.3,30530.47,30588.04,204.22,0.6676,HSI
485,20180525,30664.27,30588.04,30736.97,30525.74,30760.41,-172.37,-0.5604,HSI
486,20180524,30718.66,30760.41,30788.97,30589.38,30665.64,94.77,0.309,HSI
487,20180523,31191.87,30665.64,31191.87,30665.64,31234.35,-568.71,-1.8208,HSI
488,20180521,31232.79,31234.35,31464.1,31232.79,31047.91,186.44,0.6005,HSI
489,20180518,31033.97,31047.91,31148.06,30904.68,30942.15,105.76,0.3418,HSI
490,20180517,31416.71,30942.15,31416.71,30942.15,31110.2,-168.05,-0.5402,HSI
491,20180516,31014.72,31110.2,31218.08,30818.78,31152.03,-41.83,-0.1343,HSI
492,20180515,31573.18,31152.03,31573.18,31152.03,31541.08,-389.05,-1.2335,HSI
493,20180514,31498.36,31541.08,31592.56,31423.57,31122.06,419.02,1.3464,HSI
494,20180511,31151.8,31122.06,31277.39,31032.44,30809.22,312.84,1.0154,HSI
495,20180510,30716.97,30809.22,30851.3,30712.93,30536.14,273.08,0.8943,HSI
496,20180509,30452.16,30536.14,30568.76,30346.62,30402.81,133.33,0.4385,HSI
497,20180508,30123.77,30402.81,30444.22,30123.77,29994.26,408.55,1.3621,HSI
498,20180507,30102.06,29994.26,30138.33,29791.87,29926.5,67.76,0.2264,HSI
499,20180504,30316.98,29926.5,30341.46,29859.3,30313.37,-386.87,-1.2762,HSI
500,20180503,30405.48,30313.37,30432.07,30118.65,30723.88,-410.51,-1.3361,HSI
501,20180502,30782.21,30723.88,30824.77,30570.81,30808.45,-84.57,-0.2745,HSI
502,20180427,30300.83,30280.67,30336.0,30019.12,30007.68,272.99,0.9097,HSI
503,20180426,30378.15,30007.68,30463.42,29871.2,30328.15,-320.47,-1.0567,HSI
504,20180425,30486.86,30328.15,30507.19,30244.16,30636.24,-308.09,-1.0056,HSI
505,20180424,30353.83,30636.24,30665.1,30335.29,30254.4,381.84,1.2621,HSI
506,20180423,30327.03,30254.4,30481.86,30184.45,30418.33,-163.93,-0.5389,HSI
507,20180420,30647.94,30418.33,30848.47,30355.79,30708.44,-290.11,-0.9447,HSI
508,20180419,30532.95,30708.44,30761.47,30451.0,30284.25,424.19,1.4007,HSI
509,20180418,30469.95,30284.25,30487.17,29979.4,30062.75,221.5,0.7368,HSI
510,20180417,30354.89,30062.75,30477.79,30012.7,30315.59,-252.84,-0.834,HSI
511,20180416,30849.72,30315.59,30849.72,30190.75,30808.38,-492.79,-1.5995,HSI
512,20180413,31076.76,30808.38,31076.76,30707.77,30831.28,-22.9,-0.0743,HSI
513,20180412,31094.11,30831.28,31094.11,30637.14,30897.71,-66.43,-0.215,HSI
514,20180411,30761.23,30897.71,31021.12,30723.07,30728.74,168.97,0.5499,HSI
515,20180410,30205.09,30728.74,30806.86,30163.09,30229.58,499.16,1.6512,HSI
516,20180409,30104.32,30229.58,30514.8,29909.37,29844.94,384.64,1.2888,HSI
517,20180404,30244.22,29518.69,30329.08,29518.69,30180.1,-661.41,-2.1915,HSI
518,20180403,29927.88,30180.1,30269.28,29755.36,30093.38,86.72,0.2882,HSI
519,20180329,30154.18,30093.38,30252.95,29819.63,30022.53,70.85,0.236,HSI
520,20180328,30510.38,30022.53,30637.21,30022.53,30790.83,-768.3,-2.4952,HSI
521,20180327,30985.75,30790.83,30985.75,30738.76,30548.77,242.06,0.7924,HSI
522,20180326,30267.07,30548.77,30548.77,29995.16,30309.29,239.48,0.7901,HSI
523,20180323,29930.23,30309.29,30320.31,29930.23,31071.05,-761.76,-2.4517,HSI
524,20180322,31575.93,31071.05,31686.67,31018.44,31414.52,-343.47,-1.0933,HSI
525,20180321,31811.98,31414.52,31978.14,31381.54,31549.93,-135.41,-0.4292,HSI
526,20180320,31315.42,31549.93,31576.05,31183.4,31513.76,36.17,0.1148,HSI
527,20180319,31370.47,31513.76,31656.3,31244.62,31501.97,11.79,0.0374,HSI
528,20180316,31363.03,31501.97,31564.78,31337.45,31541.1,-39.13,-0.1241,HSI
529,20180315,31181.15,31541.1,31583.38,31121.66,31435.01,106.09,0.3375,HSI
530,20180314,31321.79,31435.01,31453.48,31141.85,31601.45,-166.44,-0.5267,HSI
531,20180313,31570.2,31601.45,31709.99,31461.47,31594.33,7.12,0.0225,HSI
532,20180312,31536.3,31594.33,31607.58,31342.48,30996.21,598.12,1.9297,HSI
533,20180309,30858.27,30996.21,30996.21,30840.8,30654.52,341.69,1.1146,HSI
534,20180308,30523.68,30654.52,30724.03,30428.61,30196.92,457.6,1.5154,HSI
535,20180307,30323.77,30196.92,30673.08,30117.4,30510.73,-313.81,-1.0285,HSI
536,20180306,30380.96,30510.73,30620.06,30129.8,29886.39,624.34,2.089,HSI
537,20180305,30524.26,29886.39,30679.47,29852.42,30583.45,-697.06,-2.2792,HSI
538,20180302,30611.1,30583.45,30670.94,30477.95,31044.25,-460.8,-1.4843,HSI
539,20180301,30476.99,31044.25,31081.68,30453.82,30844.72,199.53,0.6469,HSI
540,20180228,31037.41,30844.72,31061.76,30703.9,31268.66,-423.94,-1.3558,HSI
541,20180227,31790.85,31268.66,31798.98,31141.52,31498.6,-229.94,-0.73,HSI
542,20180226,31528.29,31498.6,31567.46,31273.95,31267.17,231.43,0.7402,HSI
543,20180223,31289.08,31267.17,31386.81,31149.32,30965.68,301.49,0.9736,HSI
544,20180222,31084.45,30965.68,31195.27,30930.1,31431.89,-466.21,-1.4832,HSI
545,20180214,30024.47,30515.6,30637.23,29968.54,29839.53,676.07,2.2657,HSI
546,20180213,29850.15,29839.53,30169.0,29783.1,29459.63,379.9,1.2896,HSI
547,20180212,29713.08,29459.63,29801.52,29459.63,29507.42,-47.79,-0.162,HSI
548,20180209,29679.21,29507.42,29679.21,29129.26,30451.27,-943.85,-3.0995,HSI
549,20180208,30555.8,30451.27,30739.11,30251.32,30323.2,128.07,0.4223,HSI
550,20180207,31378.35,30323.2,31472.47,30292.15,30595.42,-272.22,-0.8897,HSI
551,20180206,31028.68,30595.42,31286.03,30577.83,32245.22,-1649.8,-5.1164,HSI
552,20180205,31715.56,32245.22,32394.87,31712.02,32601.78,-356.56,-1.0937,HSI
553,20180202,32569.01,32601.78,32778.51,32321.42,32642.09,-40.31,-0.1235,HSI
554,20180201,32950.3,32642.09,33048.04,32642.09,32887.27,-245.18,-0.7455,HSI
555,20180131,32435.76,32887.27,32933.98,32330.39,32607.29,279.98,0.8586,HSI
556,20180130,32751.72,32607.29,32976.75,32501.35,32966.89,-359.6,-1.0908,HSI
557,20180129,33335.48,32966.89,33484.08,32897.04,33154.12,-187.23,-0.5647,HSI
558,20180126,32836.28,33154.12,33223.58,32794.13,32654.45,499.67,1.5302,HSI
559,20180125,32979.38,32654.45,32998.05,32650.22,32958.69,-304.24,-0.9231,HSI
560,20180124,32907.23,32958.69,33018.71,32728.51,32930.7,27.99,0.085,HSI
561,20180123,32606.14,32930.7,32930.7,32554.23,32393.41,537.29,1.6586,HSI
562,20180122,32276.96,32393.41,32417.23,32046.84,32254.89,138.52,0.4295,HSI
563,20180119,32142.16,32254.89,32254.89,31986.0,32121.94,132.95,0.4139,HSI
564,20180118,32148.45,32121.94,32233.81,31869.7,31983.41,138.53,0.4331,HSI
565,20180117,31825.52,31983.41,31983.41,31642.27,31904.75,78.66,0.2465,HSI
566,20180116,31423.62,31904.75,31904.75,31423.62,31338.87,565.88,1.8057,HSI
567,20180115,31702.56,31338.87,31733.18,31265.25,31412.54,-73.67,-0.2345,HSI
568,20180112,31298.05,31412.54,31412.54,31198.36,31120.39,292.15,0.9388,HSI
569,20180111,31066.21,31120.39,31133.18,30950.07,31073.72,46.67,0.1502,HSI
570,20180110,31009.24,31073.72,31267.57,30928.58,31011.41,62.31,0.2009,HSI
571,20180109,30933.51,31011.41,31056.7,30852.43,30899.53,111.88,0.3621,HSI
572,20180108,30895.09,30899.53,30929.15,30732.54,30814.64,84.89,0.2755,HSI
573,20180105,30893.86,30814.64,30911.01,30638.53,30736.48,78.16,0.2543,HSI
574,20180104,30691.71,30736.48,30796.93,30560.43,30560.95,175.53,0.5744,HSI
575,20180103,30658.73,30560.95,30724.32,30456.76,30515.31,45.64,0.1496,HSI
576,20180102,30028.29,30515.31,30515.31,30028.29,29919.15,596.16,1.9926,HSI
577,20171229,29914.05,29919.15,29997.96,29849.31,29863.71,55.44,0.1856,HSI
578,20171228,29684.79,29863.71,29873.1,29661.06,29597.66,266.05,0.8989,HSI
579,20171227,29632.97,29597.66,29693.82,29516.51,29578.01,19.65,0.0664,HSI
580,20171222,29505.05,29578.01,29578.01,29413.86,29367.06,210.95,0.7183,HSI
581,20171221,29209.64,29367.06,29431.81,29145.13,29234.09,132.97,0.4548,HSI
582,20171220,29199.29,29234.09,29326.52,29159.28,29253.66,-19.57,-0.0669,HSI
583,20171219,29193.74,29253.66,29339.11,29144.17,29050.41,203.25,0.6996,HSI
584,20171218,28923.53,29050.41,29143.33,28821.19,28848.11,202.3,0.7013,HSI
585,20171215,29000.11,28848.11,29017.66,28738.84,29166.38,-318.27,-1.0912,HSI
586,20171214,29335.76,29166.38,29367.51,29047.61,29222.1,-55.72,-0.1907,HSI
587,20171213,28856.78,29222.1,29276.67,28707.6,28793.88,428.22,1.4872,HSI
588,20171212,28972.74,28793.88,29066.77,28745.73,28965.29,-171.41,-0.5918,HSI
589,20171211,28645.41,28965.29,28998.51,28645.41,28639.85,325.44,1.1363,HSI
590,20171208,28400.01,28639.85,28705.76,28344.39,28303.19,336.66,1.1895,HSI
591,20171207,28366.14,28303.19,28478.34,28134.93,28224.8,78.39,0.2777,HSI
592,20171206,28850.36,28224.8,28929.21,28204.53,28842.8,-618.0,-2.1426,HSI
593,20171205,28898.58,28842.8,29124.24,28838.12,29138.28,-295.48,-1.0141,HSI
594,20171204,28951.19,29138.28,29343.78,28803.19,29074.24,64.04,0.2203,HSI
595,20171201,29261.31,29074.24,29345.97,29028.76,29177.35,-103.11,-0.3534,HSI
596,20171130,29340.27,29177.35,29353.51,29127.3,29623.83,-446.48,-1.5072,HSI
597,20171129,29813.94,29623.83,29831.19,29563.39,29680.85,-57.02,-0.1921,HSI
598,20171128,29608.64,29680.85,29687.45,29334.59,29686.19,-5.34,-0.018,HSI
599,20171127,29857.65,29686.19,29859.11,29610.96,29866.32,-180.13,-0.6031,HSI
600,20171124,29788.18,29866.32,29918.92,29696.59,29707.94,158.38,0.5331,HSI
601,20171123,30033.18,29707.94,30169.99,29593.79,30003.49,-295.55,-0.9851,HSI
602,20171122,30087.19,30003.49,30199.69,29911.07,29818.07,185.42,0.6218,HSI
603,20171121,29369.69,29818.07,29818.07,29343.48,29260.31,557.76,1.9062,HSI
604,20171120,29227.08,29260.31,29299.87,29089.58,29199.04,61.27,0.2098,HSI
605,20171117,29214.36,29199.04,29341.92,29158.35,29018.76,180.28,0.6213,HSI
606,20171116,28963.77,29018.76,29095.49,28877.76,28851.69,167.07,0.5791,HSI
607,20171115,29026.11,28851.69,29106.49,28851.69,29152.12,-300.43,-1.0306,HSI
608,20171114,29272.1,29152.12,29320.03,29143.63,29182.18,-30.06,-0.103,HSI
609,20171113,29058.23,29182.18,29258.5,29058.23,29120.92,61.26,0.2104,HSI
610,20171110,29060.13,29120.92,29237.85,29036.45,29136.57,-15.65,-0.0537,HSI
611,20171109,28987.79,29136.57,29192.51,28960.05,28907.6,228.97,0.7921,HSI
612,20171108,28950.5,28907.6,29123.44,28885.07,28994.34,-86.74,-0.2992,HSI
613,20171107,28715.4,28994.34,29017.4,28715.07,28596.8,397.54,1.3902,HSI
614,20171106,28616.35,28596.8,28650.79,28137.77,28603.61,-6.81,-0.0238,HSI
615,20171103,28603.51,28603.61,28661.29,28542.66,28518.64,84.97,0.2979,HSI
616,20171102,28604.95,28518.64,28643.58,28492.2,28594.06,-75.42,-0.2638,HSI
617,20171101,28387.55,28594.06,28606.59,28329.5,28245.54,348.52,1.2339,HSI
618,20171031,28247.0,28245.54,28354.11,28183.79,28336.19,-90.65,-0.3199,HSI
619,20171030,28585.15,28336.19,28650.82,28336.19,28438.85,-102.66,-0.361,HSI
620,20171027,28332.91,28438.85,28494.52,28305.73,28202.38,236.47,0.8385,HSI
621,20171026,28165.61,28202.38,28316.2,28102.75,28302.89,-100.51,-0.3551,HSI
622,20171025,28238.85,28302.89,28387.21,28198.56,28154.97,147.92,0.5254,HSI
623,20171024,28232.62,28154.97,28356.1,28098.83,28305.88,-150.91,-0.5331,HSI
624,20171023,28557.8,28305.88,28557.8,28253.32,28487.24,-181.36,-0.6366,HSI
625,20171020,28360.02,28487.24,28519.76,28313.7,28159.09,328.15,1.1653,HSI
626,20171019,28783.85,28159.09,28798.78,28094.54,28711.76,-552.67,-1.9249,HSI
627,20171018,28636.2,28711.76,28729.34,28629.73,28697.49,14.27,0.0497,HSI
628,20171017,28777.18,28697.49,28777.18,28641.95,28692.8,4.69,0.0163,HSI
629,20171016,28661.98,28692.8,28792.06,28620.38,28476.43,216.37,0.7598,HSI
630,20171013,28423.65,28476.43,28492.39,28369.87,28459.03,17.4,0.0611,HSI
631,20171012,28431.05,28459.03,28528.71,28343.32,28389.57,69.46,0.2447,HSI
632,20171011,28622.01,28389.57,28625.66,28330.73,28490.83,-101.26,-0.3554,HSI
633,20171010,28334.92,28490.83,28503.84,28260.2,28326.59,164.24,0.5798,HSI
634,20171009,28440.17,28326.59,28488.35,28282.01,28458.04,-131.45,-0.4619,HSI
635,20170929,27492.13,27554.3,27581.13,27383.16,27421.6,132.7,0.4839,HSI
636,20170928,27661.27,27421.6,27665.16,27421.6,27642.43,-220.83,-0.7989,HSI
637,20170927,27503.05,27642.43,27673.4,27503.05,27513.01,129.42,0.4704,HSI
638,20170926,27308.61,27513.01,27567.88,27300.37,27500.34,12.67,0.0461,HSI
639,20170925,27851.54,27500.34,27851.54,27476.27,27880.53,-380.19,-1.3636,HSI
640,20170922,27949.83,27880.53,27960.92,27845.52,28110.33,-229.8,-0.8175,HSI
641,20170921,28091.24,28110.33,28184.37,28046.94,28127.8,-17.47,-0.0621,HSI
642,20170920,28099.29,28127.8,28149.36,28013.11,28051.41,76.39,0.2723,HSI
643,20170919,28200.54,28051.41,28248.12,28032.17,28159.77,-108.36,-0.3848,HSI
644,20170918,27971.37,28159.77,28160.39,27917.18,27807.59,352.18,1.2665,HSI
645,20170915,27736.6,27807.59,27893.58,27514.04,27777.2,30.39,0.1094,HSI
646,20170914,27788.84,27777.2,27895.07,27699.09,27894.08,-116.88,-0.419,HSI
647,20170913,27984.27,27894.08,27984.27,27751.28,27972.24,-78.16,-0.2794,HSI
648,20170912,28068.7,27972.24,28071.54,27883.83,27955.13,17.11,0.0612,HSI
649,20170911,27877.69,27955.13,27976.98,27859.0,27668.47,286.66,1.0361,HSI
650,20170908,27571.59,27668.47,27708.09,27569.13,27522.92,145.55,0.5288,HSI
651,20170907,27817.87,27522.92,27817.87,27492.82,27613.76,-90.84,-0.329,HSI
652,20170906,27671.56,27613.76,27684.26,27421.79,27741.35,-127.59,-0.4599,HSI
653,20170905,27797.44,27741.35,27871.76,27685.3,27740.26,1.09,0.0039,HSI
654,20170904,27881.71,27740.26,27884.46,27662.29,27953.16,-212.9,-0.7616,HSI
655,20170901,28015.22,27953.16,28116.7,27915.44,27970.3,-17.14,-0.0613,HSI
656,20170831,27934.45,27970.3,27994.06,27861.48,28094.61,-124.31,-0.4425,HSI
657,20170830,27957.74,28094.61,28127.9,27912.82,27765.01,329.6,1.1871,HSI
658,20170829,27744.58,27765.01,27839.83,27638.73,27863.29,-98.28,-0.3527,HSI
659,20170828,27905.59,27863.29,28071.59,27806.05,27848.16,15.13,0.0543,HSI
660,20170825,27539.11,27848.16,27878.37,27480.11,27518.6,329.56,1.1976,HSI
661,20170824,27642.23,27518.6,27642.23,27485.87,27401.67,116.93,0.4267,HSI
662,20170822,27322.2,27401.67,27509.06,27316.08,27154.68,246.99,0.9096,HSI
663,20170821,27100.63,27154.68,27221.31,27086.43,27047.57,107.11,0.396,HSI
664,20170818,26999.6,27047.57,27236.32,26951.92,27344.22,-296.65,-1.0849,HSI
665,20170817,27610.29,27344.22,27624.52,27302.48,27409.07,-64.85,-0.2366,HSI
666,20170816,27238.81,27409.07,27422.3,27238.81,27174.96,234.11,0.8615,HSI
667,20170815,27371.25,27174.96,27438.42,27174.96,27250.23,-75.27,-0.2762,HSI
668,20170814,27091.77,27250.23,27268.23,27032.4,26883.51,366.72,1.3641,HSI
669,20170811,27000.43,26883.51,27184.21,26863.71,27444.0,-560.49,-2.0423,HSI
670,20170810,27791.36,27444.0,27791.36,27267.03,27757.09,-313.09,-1.128,HSI
671,20170809,27760.08,27757.09,27876.12,27602.66,27854.91,-97.82,-0.3512,HSI
672,20170808,27684.6,27854.91,27867.56,27626.19,27690.36,164.55,0.5943,HSI
673,20170807,27665.71,27690.36,27731.92,27629.2,27562.68,127.68,0.4632,HSI
674,20170804,27564.71,27562.68,27615.03,27508.11,27531.01,31.67,0.115,HSI
675,20170803,27533.51,27531.01,27601.05,27399.58,27607.38,-76.37,-0.2766,HSI
676,20170802,27645.28,27607.38,27747.35,27570.5,27540.23,67.15,0.2438,HSI
677,20170801,27326.04,27540.23,27558.0,27326.04,27323.99,216.24,0.7914,HSI
678,20170731,27048.45,27323.99,27324.38,27045.41,26979.39,344.6,1.2773,HSI
679,20170728,27007.97,26979.39,27047.88,26928.44,27131.17,-151.78,-0.5594,HSI
680,20170727,27002.7,27131.17,27169.15,26962.03,26941.02,190.15,0.7058,HSI
681,20170726,26960.81,26941.02,27007.27,26786.63,26852.05,88.97,0.3313,HSI
682,20170725,26847.58,26852.05,26889.7,26799.77,26846.83,5.22,0.0194,HSI
683,20170724,26720.04,26846.83,26882.0,26674.5,26706.09,140.74,0.527,HSI
684,20170721,26777.44,26706.09,26778.42,26663.25,26740.21,-34.12,-0.1276,HSI
685,20170720,26770.48,26740.21,26794.18,26632.98,26672.16,68.05,0.2551,HSI
686,20170719,26561.81,26672.16,26682.64,26541.56,26524.94,147.22,0.555,HSI
687,20170718,26489.52,26524.94,26540.17,26381.14,26470.58,54.36,0.2054,HSI
688,20170717,26572.92,26470.58,26618.66,26353.83,26389.23,81.35,0.3083,HSI
689,20170714,26416.68,26389.23,26416.68,26295.99,26346.17,43.06,0.1634,HSI
690,20170713,26340.29,26346.17,26383.76,26255.31,26043.64,302.53,1.1616,HSI
691,20170712,25991.35,26043.64,26147.3,25991.35,25877.64,166.0,0.6415,HSI
692,20170711,25605.19,25877.64,25941.47,25596.21,25500.06,377.58,1.4807,HSI
693,20170710,25392.03,25500.06,25622.75,25331.95,25340.85,159.21,0.6283,HSI
694,20170707,25377.21,25340.85,25409.9,25315.91,25465.22,-124.37,-0.4884,HSI
695,20170706,25574.57,25465.22,25599.7,25436.83,25521.97,-56.75,-0.2224,HSI
696,20170705,25354.38,25521.97,25559.18,25199.86,25389.01,132.96,0.5237,HSI
697,20170704,25782.85,25389.01,25838.27,25251.72,25784.17,-395.16,-1.5326,HSI
698,20170703,25654.77,25784.17,25821.39,25654.77,25764.58,19.59,0.076,HSI
699,20170630,25679.64,25764.58,25816.25,25661.43,25965.42,-200.84,-0.7735,HSI
700,20170629,25872.93,25965.42,25965.42,25814.8,25683.5,281.92,1.0977,HSI
701,20170628,25735.21,25683.5,25821.36,25625.71,25839.99,-156.49,-0.6056,HSI
702,20170627,25911.2,25839.99,25929.61,25780.69,25871.89,-31.9,-0.1233,HSI
703,20170626,25727.93,25871.89,25875.48,25720.38,25670.05,201.84,0.7863,HSI
704,20170623,25724.28,25670.05,25770.37,25648.77,25674.53,-4.48,-0.0174,HSI
705,20170622,25597.46,25674.53,25867.94,25597.46,25694.58,-20.05,-0.078,HSI
706,20170621,25752.27,25694.58,25846.52,25575.98,25843.04,-148.46,-0.5745,HSI
707,20170620,26028.43,25843.04,26043.1,25833.93,25924.55,-81.51,-0.3144,HSI
708,20170619,25736.2,25924.55,25939.72,25735.07,25626.49,298.06,1.1631,HSI
709,20170616,25601.81,25626.49,25719.97,25557.8,25565.34,61.15,0.2392,HSI
710,20170615,25772.28,25565.34,25772.28,25565.34,25875.9,-310.56,-1.2002,HSI
711,20170614,25915.46,25875.9,25915.46,25713.02,25852.1,23.8,0.0921,HSI
712,20170613,25826.52,25852.1,25883.22,25722.63,25708.04,144.06,0.5604,HSI
713,20170612,25925.45,25708.04,25957.78,25689.23,26030.29,-322.25,-1.238,HSI
714,20170609,26090.33,26030.29,26090.33,25922.68,26063.06,-32.77,-0.1257,HSI
715,20170608,25974.0,26063.06,26069.98,25923.21,25974.16,88.9,0.3423,HSI
716,20170607,26025.21,25974.16,26073.44,25898.82,25997.14,-22.98,-0.0884,HSI
717,20170606,25819.53,25997.14,26019.01,25805.02,25862.99,134.15,0.5187,HSI
718,20170605,25976.36,25862.99,25998.66,25801.84,25924.05,-61.06,-0.2355,HSI
719,20170602,25926.06,25924.05,25973.0,25851.85,25809.22,114.83,0.4449,HSI
720,20170601,25736.35,25809.22,25834.75,25614.61,25660.65,148.57,0.579,HSI
721,20170531,25706.45,25660.65,25817.95,25650.06,25701.63,-40.98,-0.1594,HSI
722,20170526,25670.98,25639.27,25724.4,25588.7,25630.78,8.49,0.0331,HSI
723,20170525,25511.46,25630.78,25680.67,25491.78,25428.5,202.28,0.7955,HSI
724,20170524,25382.26,25428.5,25428.5,25296.66,25403.15,25.35,0.0998,HSI
725,20170523,25415.57,25403.15,25486.98,25307.27,25391.34,11.81,0.0465,HSI
726,20170522,25318.29,25391.34,25450.04,25201.34,25174.87,216.47,0.8599,HSI
727,20170519,25171.66,25174.87,25266.22,25124.06,25136.52,38.35,0.1526,HSI
728,20170518,25034.19,25136.52,25263.81,25025.05,25293.63,-157.11,-0.6211,HSI
729,20170517,25355.76,25293.63,25374.95,25245.44,25335.94,-42.31,-0.167,HSI
730,20170516,25413.35,25335.94,25413.35,25228.46,25371.59,-35.65,-0.1405,HSI
731,20170515,25233.31,25371.59,25385.72,25213.47,25156.34,215.25,0.8556,HSI
732,20170512,25126.48,25156.34,25211.28,25087.32,25125.55,30.79,0.1225,HSI
733,20170511,25101.53,25125.55,25203.54,25024.76,25015.42,110.13,0.4402,HSI
734,20170510,24931.82,25015.42,25164.97,24931.82,24889.03,126.39,0.5078,HSI
735,20170509,24656.95,24889.03,24889.83,24548.97,24577.91,311.12,1.2659,HSI
736,20170508,24604.29,24577.91,24624.21,24476.2,24476.35,101.56,0.4149,HSI
737,20170505,24625.35,24476.35,24634.28,24358.72,24683.88,-207.53,-0.8408,HSI
738,20170504,24680.45,24683.88,24683.88,24530.93,24696.13,-12.25,-0.0496,HSI
739,20170502,24773.8,24696.13,24773.8,24577.33,24615.13,81.0,0.3291,HSI
740,20170428,24691.29,24615.13,24697.03,24563.77,24698.48,-83.35,-0.3375,HSI
741,20170427,24663.1,24698.48,24717.44,24455.12,24578.43,120.05,0.4884,HSI
742,20170426,24563.25,24578.43,24637.85,24515.23,24455.94,122.49,0.5009,HSI
743,20170425,24204.78,24455.94,24455.94,24201.91,24139.48,316.46,1.311,HSI
744,20170424,24185.76,24139.48,24206.44,23958.18,24042.02,97.46,0.4054,HSI
745,20170421,24143.04,24042.02,24190.14,23991.87,24056.98,-14.96,-0.0622,HSI
746,20170420,23851.02,24056.98,24058.87,23827.07,23825.88,231.1,0.97,HSI
747,20170419,23875.98,23825.88,23893.14,23723.87,23924.54,-98.66,-0.4124,HSI
748,20170418,24268.17,23924.54,24276.31,23892.59,24261.66,-337.12,-1.3895,HSI
749,20170413,24173.42,24261.66,24378.38,24158.16,24313.5,-51.84,-0.2132,HSI
750,20170412,24068.91,24313.5,24313.5,23994.13,24088.46,225.04,0.9342,HSI
751,20170411,24280.87,24088.46,24318.15,24007.85,24262.18,-173.72,-0.716,HSI
752,20170410,24302.01,24262.18,24314.66,24215.54,24267.3,-5.12,-0.0211,HSI
753,20170407,24247.01,24267.3,24268.39,23982.4,24273.72,-6.42,-0.0264,HSI
754,20170406,24310.41,24273.72,24381.63,24210.69,24400.8,-127.08,-0.5208,HSI
755,20170405,24370.95,24400.8,24400.8,24166.01,24261.48,139.32,0.5742,HSI
756,20170331,24305.53,24111.59,24329.98,24105.38,24301.09,-189.5,-0.7798,HSI
757,20170330,24429.12,24301.09,24431.12,24250.4,24392.05,-90.96,-0.3729,HSI
758,20170329,24470.66,24392.05,24470.66,24330.7,24345.87,46.18,0.1897,HSI
759,20170328,24329.17,24345.87,24360.0,24274.52,24193.7,152.17,0.629,HSI
760,20170327,24235.69,24193.7,24434.9,24138.78,24358.27,-164.57,-0.6756,HSI
761,20170324,24396.41,24358.27,24420.77,24263.17,24327.7,30.57,0.1257,HSI
762,20170323,24381.04,24327.7,24466.73,24271.26,24320.41,7.29,0.03,HSI
763,20170322,24336.33,24320.41,24380.42,24207.1,24593.12,-272.71,-1.1089,HSI
764,20170321,24565.73,24593.12,24656.65,24500.35,24501.99,91.13,0.3719,HSI
765,20170320,24312.57,24501.99,24501.99,24312.57,24309.93,192.06,0.79,HSI
766,20170317,24376.13,24309.93,24385.81,24237.97,24288.28,21.65,0.0891,HSI
767,20170316,24101.98,24288.28,24288.28,24003.75,23792.85,495.43,2.0823,HSI
768,20170315,23705.07,23792.85,23842.81,23645.51,23827.95,-35.1,-0.1473,HSI
769,20170314,23871.0,23827.95,23918.12,23768.34,23829.67,-1.72,-0.0072,HSI
770,20170313,23643.3,23829.67,23877.59,23567.93,23568.67,261.0,1.1074,HSI
771,20170310,23534.98,23568.67,23603.77,23438.86,23501.56,67.11,0.2856,HSI
772,20170309,23667.77,23501.56,23673.58,23456.06,23782.27,-280.71,-1.1803,HSI
773,20170308,23627.28,23782.27,23816.23,23563.14,23681.07,101.2,0.4273,HSI
774,20170307,23630.35,23681.07,23728.0,23585.77,23596.28,84.79,0.3593,HSI
775,20170306,23600.49,23596.28,23691.05,23574.28,23552.72,43.56,0.1849,HSI
776,20170303,23618.36,23552.72,23635.24,23511.6,23728.07,-175.35,-0.739,HSI
777,20170302,24044.48,23728.07,24080.87,23694.33,23776.49,-48.42,-0.2036,HSI
778,20170301,23849.22,23776.49,23857.28,23730.05,23740.73,35.76,0.1506,HSI
779,20170228,23952.64,23740.73,24007.81,23740.73,23925.05,-184.32,-0.7704,HSI
780,20170227,23941.81,23925.05,24067.68,23822.88,23965.7,-40.65,-0.1696,HSI
781,20170224,24115.61,23965.7,24121.91,23958.13,24114.86,-149.16,-0.6185,HSI
782,20170223,24122.18,24114.86,24216.53,24046.91,24201.96,-87.1,-0.3599,HSI
783,20170222,24059.09,24201.96,24201.96,23999.55,23963.63,238.33,0.9945,HSI
784,20170221,24174.11,23963.63,24213.64,23909.15,24146.08,-182.45,-0.7556,HSI
785,20170220,24066.0,24146.08,24202.34,24022.15,24033.74,112.34,0.4674,HSI
786,20170217,24077.87,24033.74,24106.34,23944.68,24107.7,-73.96,-0.3068,HSI
787,20170216,24139.31,24107.7,24161.39,23969.57,23994.87,112.83,0.4702,HSI
788,20170215,23771.95,23994.87,24067.62,23771.95,23703.01,291.86,1.2313,HSI
789,20170214,23695.29,23703.01,23735.11,23614.47,23710.98,-7.97,-0.0336,HSI
790,20170213,23664.53,23710.98,23751.92,23615.39,23574.98,136.0,0.5769,HSI
791,20170210,23645.9,23574.98,23718.47,23573.85,23525.14,49.84,0.2119,HSI
792,20170209,23533.52,23525.14,23644.63,23489.65,23485.13,40.01,0.1704,HSI
793,20170208,23284.76,23485.13,23520.77,23160.99,23331.57,153.56,0.6582,HSI
794,20170207,23287.9,23331.57,23403.6,23256.69,23348.24,-16.67,-0.0714,HSI
795,20170206,23239.29,23348.24,23348.24,23149.7,23129.21,219.03,0.947,HSI
796,20170203,23216.97,23129.21,23226.92,22997.46,23184.52,-55.31,-0.2386,HSI
797,20170126,23173.46,23374.17,23386.41,23145.31,23049.12,325.05,1.4102,HSI
798,20170125,23066.4,23049.12,23066.4,22961.38,22949.86,99.26,0.4325,HSI
799,20170124,22965.25,22949.86,22986.45,22907.78,22898.52,51.34,0.2242,HSI
800,20170123,22926.3,22898.52,23068.08,22861.29,22885.91,12.61,0.0551,HSI
801,20170120,22966.53,22885.91,22987.68,22858.25,23049.96,-164.05,-0.7117,HSI
802,20170119,23104.35,23049.96,23104.35,22941.96,23098.26,-48.3,-0.2091,HSI
803,20170118,22889.33,23098.26,23151.75,22882.02,22840.97,257.29,1.1264,HSI
804,20170117,22819.87,22840.97,22867.84,22710.93,22718.15,122.82,0.5406,HSI
805,20170116,22895.36,22718.15,22908.86,22657.35,22937.38,-219.23,-0.9558,HSI
806,20170113,22879.57,22937.38,22971.45,22859.28,22829.02,108.36,0.4747,HSI
807,20170112,22956.44,22829.02,22971.49,22751.67,22935.35,-106.33,-0.4636,HSI
808,20170111,22816.01,22935.35,22944.58,22767.37,22744.85,190.5,0.8376,HSI
809,20170110,22561.17,22744.85,22744.85,22549.86,22558.69,186.16,0.8252,HSI
810,20170109,22561.11,22558.69,22626.43,22476.35,22503.01,55.68,0.2474,HSI
811,20170106,22583.29,22503.01,22605.66,22445.78,22456.69,46.32,0.2063,HSI
812,20170105,22302.64,22456.69,22483.01,22230.31,22134.47,322.22,1.4557,HSI
813,20170104,22201.08,22134.47,22228.06,22076.63,22150.4,-15.93,-0.0719,HSI
814,20170103,21993.36,22150.4,22189.31,21883.82,22000.56,149.84,0.6811,HSI
815,20161230,21818.91,22000.56,22069.62,21818.91,21790.91,209.65,0.9621,HSI
816,20161229,21591.04,21790.91,21810.4,21587.07,21754.74,36.17,0.1663,HSI
817,20161228,21562.7,21754.74,21811.96,21488.82,21574.76,179.98,0.8342,HSI
818,20161223,21553.78,21574.76,21601.07,21491.83,21636.2,-61.44,-0.284,HSI
819,20161222,21800.22,21636.2,21822.18,21594.58,21809.8,-173.6,-0.796,HSI
820,20161221,21770.89,21809.8,21910.39,21755.85,21729.06,80.74,0.3716,HSI
821,20161220,21767.61,21729.06,21873.56,21667.19,21832.68,-103.62,-0.4746,HSI
822,20161219,21945.84,21832.68,21955.94,21786.56,22020.75,-188.07,-0.8541,HSI
823,20161216,21996.38,22020.75,22155.14,21965.68,22059.4,-38.65,-0.1752,HSI
824,20161215,22257.71,22059.4,22305.07,21999.3,22456.62,-397.22,-1.7688,HSI
825,20161214,22596.71,22456.62,22627.6,22456.62,22446.7,9.92,0.0442,HSI
826,20161213,22407.62,22446.7,22458.42,22292.65,22433.02,13.68,0.061,HSI
827,20161212,22860.27,22433.02,22863.61,22375.58,22760.98,-327.96,-1.4409,HSI
828,20161209,22765.84,22760.98,22813.85,22660.22,22861.84,-100.86,-0.4412,HSI
829,20161208,23027.38,22861.84,23076.24,22817.32,22800.92,60.92,0.2672,HSI
830,20161207,22805.13,22800.92,22843.01,22708.88,22675.15,125.77,0.5547,HSI
831,20161206,22694.27,22675.15,22746.67,22625.32,22505.55,169.6,0.7536,HSI
832,20161205,22580.75,22505.55,22628.13,22375.28,22564.82,-59.27,-0.2627,HSI
833,20161202,22736.84,22564.82,22756.01,22559.2,22878.23,-313.41,-1.3699,HSI
834,20161201,22948.65,22878.23,23012.28,22837.53,22789.77,88.46,0.3882,HSI
835,20161130,22842.36,22789.77,22889.47,22755.0,22737.07,52.7,0.2318,HSI
836,20161129,22739.51,22737.07,22868.14,22724.59,22830.57,-93.5,-0.4095,HSI
837,20161128,22738.94,22830.57,22964.02,22738.94,22723.45,107.12,0.4714,HSI
838,20161125,22609.22,22723.45,22764.34,22589.53,22608.49,114.96,0.5085,HSI
839,20161124,22574.82,22608.49,22647.38,22487.54,22676.69,-68.2,-0.3007,HSI
840,20161123,22702.41,22676.69,22804.26,22640.95,22678.07,-1.38,-0.0061,HSI
841,20161122,22491.71,22678.07,22719.42,22484.6,22357.78,320.29,1.4326,HSI
842,20161121,22313.04,22357.78,22480.75,22227.8,22344.21,13.57,0.0607,HSI
843,20161118,22239.23,22344.21,22374.36,22146.88,22262.88,81.33,0.3653,HSI
844,20161117,22170.07,22262.88,22367.47,22114.02,22280.53,-17.65,-0.0792,HSI
845,20161116,22439.98,22280.53,22499.39,22280.53,22323.91,-43.38,-0.1943,HSI
846,20161115,22270.9,22323.91,22411.12,22254.09,22222.22,101.69,0.4576,HSI
847,20161114,22344.23,22222.22,22359.01,22118.87,22531.09,-308.87,-1.3709,HSI
848,20161111,22622.46,22531.09,22673.31,22442.75,22839.11,-308.02,-1.3487,HSI
849,20161110,22848.74,22839.11,22918.34,22777.51,22415.19,423.92,1.8912,HSI
850,20161109,23048.32,22415.19,23048.32,21957.71,22909.47,-494.28,-2.1575,HSI
851,20161108,22981.91,22909.47,22996.97,22820.39,22801.4,108.07,0.474,HSI
852,20161107,22682.71,22801.4,22867.24,22623.84,22642.62,158.78,0.7012,HSI
853,20161104,22611.54,22642.62,22771.61,22587.59,22683.51,-40.89,-0.1803,HSI
854,20161103,22708.5,22683.51,22855.01,22683.51,22810.5,-126.99,-0.5567,HSI
855,20161102,22946.06,22810.5,22956.85,22785.35,23147.07,-336.57,-1.4541,HSI
856,20161101,23015.06,23147.07,23268.05,23015.06,22934.54,212.53,0.9267,HSI
857,20161031,22845.82,22934.54,23045.53,22775.29,22954.81,-20.27,-0.0883,HSI
858,20161028,23088.83,22954.81,23157.73,22847.73,23132.35,-177.54,-0.7675,HSI
859,20161027,23347.19,23132.35,23352.62,23002.53,23325.43,-193.08,-0.8278,HSI
860,20161026,23396.14,23325.43,23464.03,23310.23,23565.11,-239.68,-1.0171,HSI
861,20161025,23581.69,23565.11,23631.34,23506.64,23604.08,-38.97,-0.1651,HSI
862,20161024,23431.63,23604.08,23620.09,23235.61,23374.4,229.68,0.9826,HSI
863,20161020,23412.68,23374.4,23500.82,23360.55,23304.97,69.43,0.2979,HSI
864,20161019,23393.8,23304.97,23445.56,23234.67,23394.39,-89.42,-0.3822,HSI
865,20161018,23130.2,23394.39,23402.89,23130.2,23037.54,356.85,1.549,HSI
866,20161017,23164.54,23037.54,23177.19,22978.01,23233.31,-195.77,-0.8426,HSI
867,20161014,23119.96,23233.31,23318.36,23087.14,23031.3,202.01,0.8771,HSI
868,20161013,23300.38,23031.3,23347.97,23006.12,23407.05,-375.75,-1.6053,HSI
869,20161012,23386.92,23407.05,23444.67,23267.63,23549.52,-142.47,-0.605,HSI
870,20161011,24013.84,23549.52,24064.5,23441.07,23851.82,-302.3,-1.2674,HSI
871,20160930,23435.29,23297.15,23484.37,23239.36,23739.47,-442.32,-1.8632,HSI
872,20160929,23828.6,23739.47,23828.6,23607.99,23619.65,119.82,0.5073,HSI
873,20160928,23455.73,23619.65,23619.65,23370.44,23571.9,47.75,0.2026,HSI
874,20160927,23356.03,23571.9,23646.03,23295.05,23317.92,253.98,1.0892,HSI
875,20160926,23554.83,23317.92,23563.5,23276.13,23686.48,-368.56,-1.556,HSI
876,20160923,23836.6,23686.48,23846.71,23628.64,23759.8,-73.32,-0.3086,HSI
877,20160922,23920.18,23759.8,24058.65,23683.58,23669.9,89.9,0.3798,HSI
878,20160921,23522.86,23669.9,23729.02,23436.23,23530.86,139.04,0.5909,HSI
879,20160920,23494.01,23530.86,23556.06,23397.13,23550.45,-19.59,-0.0832,HSI
880,20160919,23486.62,23550.45,23625.92,23394.95,23335.59,214.86,0.9207,HSI
881,20160914,23225.58,23190.64,23371.53,23155.73,23215.76,-25.12,-0.1082,HSI
882,20160913,23564.13,23215.76,23652.41,23196.49,23290.6,-74.84,-0.3213,HSI
883,20160912,23596.03,23290.6,23625.37,23290.6,24099.7,-809.1,-3.3573,HSI
884,20160909,23924.77,24099.7,24364.0,23914.73,23919.34,180.36,0.754,HSI
885,20160908,23704.36,23919.34,23928.93,23663.59,23741.81,177.53,0.7478,HSI
886,20160907,23785.23,23741.81,23830.75,23695.68,23787.68,-45.87,-0.1928,HSI
887,20160906,23683.28,23787.68,23787.68,23548.55,23649.55,138.13,0.5841,HSI
888,20160905,23576.31,23649.55,23688.41,23530.36,23266.7,382.85,1.6455,HSI
889,20160902,23157.01,23266.7,23306.48,23152.79,23162.34,104.36,0.4506,HSI
890,20160901,22897.16,23162.34,23193.03,22843.42,22976.88,185.46,0.8072,HSI
891,20160831,23043.08,22976.88,23063.15,22939.87,23016.11,-39.23,-0.1704,HSI
892,20160830,22945.08,23016.11,23073.52,22898.78,22821.34,194.77,0.8535,HSI
893,20160829,22904.2,22821.34,22922.68,22762.73,22909.54,-88.2,-0.385,HSI
894,20160826,22827.22,22909.54,22997.4,22827.22,22814.95,94.59,0.4146,HSI
895,20160825,22814.37,22814.95,22898.12,22735.03,22820.78,-5.83,-0.0255,HSI
896,20160824,23010.63,22820.78,23036.07,22702.61,22998.93,-178.15,-0.7746,HSI
897,20160823,22927.47,22998.93,22998.93,22854.35,22997.91,1.02,0.0044,HSI
898,20160822,22941.53,22997.91,23005.16,22792.42,22937.22,60.69,0.2646,HSI
899,20160819,23153.74,22937.22,23153.74,22875.56,23023.16,-85.94,-0.3733,HSI
900,20160818,23046.69,23023.16,23193.9,22976.11,22799.78,223.38,0.9797,HSI
901,20160817,22995.51,22799.78,23029.48,22775.87,22910.84,-111.06,-0.4847,HSI
902,20160816,23008.09,22910.84,23084.52,22841.66,22932.51,-21.67,-0.0945,HSI
903,20160815,22765.23,22932.51,22975.74,22765.23,22766.91,165.6,0.7274,HSI
904,20160812,22788.88,22766.91,22816.75,22704.05,22580.55,186.36,0.8253,HSI
905,20160811,22412.31,22580.55,22689.94,22359.92,22492.43,88.12,0.3918,HSI
906,20160810,22511.1,22492.43,22618.04,22399.29,22465.61,26.82,0.1194,HSI
907,20160809,22464.1,22465.61,22496.75,22402.91,22494.76,-29.15,-0.1296,HSI
908,20160808,22324.18,22494.76,22503.28,22260.07,22146.09,348.67,1.5744,HSI
909,20160805,21961.05,22146.09,22193.29,21961.05,21832.23,313.86,1.4376,HSI
910,20160804,21873.36,21832.23,21922.42,21788.31,21739.12,93.11,0.4283,HSI
911,20160803,21743.32,21739.12,21822.22,21725.38,22129.14,-390.02,-1.7625,HSI
912,20160801,22027.65,22129.14,22260.95,22027.65,21891.37,237.77,1.0861,HSI
913,20160729,22055.95,21891.37,22152.75,21830.46,22174.34,-282.97,-1.2761,HSI
914,20160728,22134.12,22174.34,22214.72,22053.51,22218.99,-44.65,-0.201,HSI
915,20160727,22193.31,22218.99,22277.24,21997.88,22129.73,89.26,0.4033,HSI
916,20160726,21890.89,22129.73,22300.51,21890.89,21993.44,136.29,0.6197,HSI
917,20160725,22071.77,21993.44,22071.77,21878.88,21964.27,29.17,0.1328,HSI
918,20160722,21913.04,21964.27,21972.87,21832.43,22000.49,-36.22,-0.1646,HSI
919,20160721,21971.97,22000.49,22118.22,21913.16,21882.48,118.01,0.5393,HSI
920,20160720,21646.39,21882.48,21895.23,21632.51,21673.2,209.28,0.9656,HSI
921,20160719,21734.34,21673.2,21767.88,21612.6,21803.18,-129.98,-0.5962,HSI
922,20160718,21656.88,21803.18,21822.0,21616.16,21659.25,143.93,0.6645,HSI
923,20160715,21589.08,21659.25,21739.21,21515.35,21561.06,98.19,0.4554,HSI
924,20160714,21297.54,21561.06,21581.42,21242.93,21322.37,238.69,1.1194,HSI
925,20160713,21356.64,21322.37,21441.23,21279.77,21224.74,97.63,0.46,HSI
926,20160712,21046.94,21224.74,21252.64,20957.26,20880.5,344.24,1.6486,HSI
927,20160711,20951.17,20880.5,20972.85,20840.0,20564.17,316.33,1.5383,HSI
928,20160708,20622.83,20564.17,20645.59,20468.53,20706.92,-142.75,-0.6894,HSI
929,20160707,20606.68,20706.92,20731.12,20576.74,20495.29,211.63,1.0326,HSI
930,20160706,20475.4,20495.29,20560.06,20304.39,20750.72,-255.43,-1.2309,HSI
931,20160705,20919.52,20750.72,20945.98,20737.16,21059.2,-308.48,-1.4648,HSI
932,20160704,20967.47,21059.2,21166.02,20840.64,20794.37,264.83,1.2736,HSI
933,20160630,20736.85,20794.37,20828.03,20614.65,20436.12,358.25,1.753,HSI
934,20160629,20217.07,20436.12,20456.58,20217.07,20172.46,263.66,1.307,HSI
935,20160628,19898.75,20172.46,20196.2,19898.75,20227.3,-54.84,-0.2711,HSI
936,20160627,19982.66,20227.3,20329.16,19969.47,20259.13,-31.83,-0.1571,HSI
937,20160624,20483.51,20259.13,21034.18,19662.7,20868.34,-609.21,-2.9193,HSI
938,20160623,20862.59,20868.34,20889.05,20753.94,20795.12,73.22,0.3521,HSI
939,20160622,20553.94,20795.12,20841.51,20515.25,20668.44,126.68,0.6129,HSI
940,20160621,20522.36,20668.44,20681.79,20516.73,20510.2,158.24,0.7715,HSI
941,20160620,20425.06,20510.2,20551.02,20288.49,20169.98,340.22,1.6868,HSI
942,20160617,20244.23,20169.98,20282.04,20090.8,20038.42,131.56,0.6565,HSI
943,20160616,20284.91,20038.42,20297.4,19964.37,20467.52,-429.1,-2.0965,HSI
944,20160615,20161.01,20467.52,20553.58,20161.01,20387.53,79.99,0.3923,HSI
945,20160614,20476.75,20387.53,20537.92,20358.94,20512.99,-125.46,-0.6116,HSI
946,20160613,20647.51,20512.99,20664.59,20430.81,21042.64,-529.65,-2.517,HSI
947,20160608,21294.27,21297.88,21352.37,21179.95,21328.24,-30.36,-0.1423,HSI
948,20160607,21218.96,21328.24,21351.33,21153.68,21030.22,298.02,1.4171,HSI
949,20160606,20971.13,21030.22,21039.87,20840.95,20947.24,82.98,0.3961,HSI
950,20160603,20956.08,20947.24,21049.2,20887.79,20859.22,88.02,0.422,HSI
951,20160602,20769.81,20859.22,20878.21,20680.65,20760.98,98.24,0.4732,HSI
952,20160601,20726.53,20760.98,20898.45,20713.29,20815.09,-54.11,-0.26,HSI
953,20160531,20617.33,20815.09,20974.71,20617.33,20629.39,185.7,0.9002,HSI
954,20160530,20523.67,20629.39,20765.61,20465.84,20576.77,52.62,0.2557,HSI
955,20160527,20425.0,20576.77,20620.15,20290.84,20397.11,179.66,0.8808,HSI
956,20160526,20373.48,20397.11,20404.73,20249.96,20368.05,29.06,0.1427,HSI
957,20160525,20156.76,20368.05,20379.66,20156.76,19830.43,537.62,2.7111,HSI
958,20160524,19828.02,19830.43,19870.16,19712.67,19809.03,21.4,0.108,HSI
959,20160523,19788.13,19809.03,19955.03,19750.62,19852.2,-43.17,-0.2175,HSI
960,20160520,19631.71,19852.2,19954.33,19631.71,19694.33,157.87,0.8016,HSI
961,20160519,19729.63,19694.33,19793.46,19646.35,19826.41,-132.08,-0.6662,HSI
962,20160518,19862.42,19826.41,19923.83,19749.29,20118.8,-292.39,-1.4533,HSI
963,20160517,19987.24,20118.8,20145.77,19847.7,19883.95,234.85,1.1811,HSI
964,20160516,19711.77,19883.95,19998.76,19705.91,19719.29,164.66,0.835,HSI
965,20160513,19843.49,19719.29,19881.91,19594.61,19915.46,-196.17,-0.985,HSI
966,20160512,20100.5,19915.46,20100.5,19863.62,20055.29,-139.83,-0.6972,HSI
967,20160511,20347.76,20055.29,20347.76,20008.92,20242.68,-187.39,-0.9257,HSI
968,20160510,19962.43,20242.68,20294.46,19962.43,20156.81,85.87,0.426,HSI
969,20160509,20279.9,20156.81,20303.19,20125.78,20109.87,46.94,0.2334,HSI
970,20160506,20357.45,20109.87,20377.94,20058.77,20449.82,-339.95,-1.6624,HSI
971,20160505,20363.86,20449.82,20534.76,20342.75,20525.83,-76.01,-0.3703,HSI
972,20160504,20556.5,20525.83,20580.38,20411.41,20676.94,-151.11,-0.7308,HSI
973,20160503,21061.77,20676.94,21061.77,20668.37,21067.05,-390.11,-1.8518,HSI
974,20160429,21215.2,21067.05,21235.39,21023.77,21388.03,-320.98,-1.5007,HSI
975,20160428,21488.96,21388.03,21654.07,21255.42,21361.6,26.43,0.1237,HSI
976,20160427,21372.33,21361.6,21442.51,21277.04,21407.27,-45.67,-0.2133,HSI
977,20160426,21380.02,21407.27,21419.92,21080.88,21304.44,102.83,0.4827,HSI
978,20160425,21408.56,21304.44,21430.57,21254.46,21467.04,-162.6,-0.7574,HSI
979,20160422,21448.15,21467.04,21495.79,21358.53,21622.25,-155.21,-0.7178,HSI
980,20160421,21406.4,21622.25,21634.74,21331.59,21236.31,385.94,1.8174,HSI
981,20160420,21452.82,21236.31,21452.82,21103.34,21436.21,-199.9,-0.9325,HSI
982,20160419,21438.13,21436.21,21459.04,21259.17,21161.5,274.71,1.2982,HSI
983,20160418,21129.68,21161.5,21172.0,21002.77,21316.47,-154.97,-0.727,HSI
984,20160415,21374.65,21316.47,21423.06,21234.12,21337.81,-21.34,-0.1,HSI
985,20160414,21456.61,21337.81,21511.08,21266.21,21158.71,179.1,0.8465,HSI
986,20160413,20739.34,21158.71,21171.29,20716.91,20504.44,654.27,3.1909,HSI
987,20160412,20440.72,20504.44,20546.43,20407.82,20440.81,63.63,0.3113,HSI
988,20160411,20255.84,20440.81,20550.95,20240.69,20370.4,70.41,0.3456,HSI
989,20160408,20061.6,20370.4,20370.44,20045.47,20266.05,104.35,0.5149,HSI
990,20160407,20297.82,20266.05,20370.52,20165.76,20206.67,59.38,0.2939,HSI
991,20160406,20100.0,20206.67,20249.84,20100.0,20177.0,29.67,0.147,HSI
992,20160405,20311.86,20177.0,20311.86,20116.87,20498.92,-321.92,-1.5704,HSI
993,20160401,20786.18,20498.92,20786.18,20455.41,20776.7,-277.78,-1.337,HSI
994,20160331,20811.46,20776.7,20872.55,20689.22,20803.39,-26.69,-0.1283,HSI
995,20160330,20545.44,20803.39,20820.73,20541.07,20366.3,437.09,2.1461,HSI
996,20160329,20386.32,20366.3,20386.32,20250.15,20345.61,20.69,0.1017,HSI
997,20160324,20450.69,20345.61,20499.4,20268.53,20615.23,-269.62,-1.3079,HSI
998,20160323,20629.4,20615.23,20693.48,20513.61,20666.75,-51.52,-0.2493,HSI
999,20160322,20765.07,20666.75,20765.07,20576.8,20684.15,-17.4,-0.0841,HSI
1000,20160321,20738.25,20684.15,20772.46,20618.56,20671.63,12.52,0.0606,HSI
1001,20160318,20599.19,20671.63,20687.97,20514.97,20503.81,167.82,0.8185,HSI
1002,20160317,20580.06,20503.81,20619.34,20435.65,20257.7,246.11,1.2149,HSI
1003,20160316,20339.9,20257.7,20383.2,20168.74,20288.77,-31.07,-0.1531,HSI
1004,20160315,20298.15,20288.77,20366.56,20254.59,20435.34,-146.57,-0.7172,HSI
1005,20160314,20371.59,20435.34,20512.03,20328.88,20199.6,235.74,1.1671,HSI
1006,20160311,19900.67,20199.6,20238.72,19853.63,19984.42,215.18,1.0767,HSI
1007,20160310,20055.42,19984.42,20184.23,19923.54,19996.26,-11.84,-0.0592,HSI
1008,20160309,19898.74,19996.26,20005.41,19818.42,20011.58,-15.32,-0.0766,HSI
1009,20160308,20132.1,20011.58,20137.73,19902.75,20159.72,-148.14,-0.7348,HSI
1010,20160307,20306.09,20159.72,20331.69,20095.63,20176.7,-16.98,-0.0842,HSI
1011,20160304,20052.1,20176.7,20200.38,19977.43,19941.76,234.94,1.1781,HSI
1012,20160303,20082.01,19941.76,20082.01,19791.6,20003.49,-61.73,-0.3086,HSI
1013,20160302,19788.17,20003.49,20058.12,19783.92,19407.46,596.03,3.0711,HSI
1014,20160301,19259.99,19407.46,19420.0,19108.3,19111.93,295.53,1.5463,HSI
1015,20160229,19366.17,19111.93,19377.72,19053.78,19364.15,-252.22,-1.3025,HSI
1016,20160226,19179.95,19364.15,19436.71,19122.56,18888.75,475.4,2.5168,HSI
1017,20160225,19215.49,18888.75,19215.49,18867.7,19192.45,-303.7,-1.5824,HSI
1018,20160224,19282.34,19192.45,19360.8,19060.16,19414.78,-222.33,-1.1452,HSI
1019,20160223,19506.94,19414.78,19519.85,19328.26,19464.09,-49.31,-0.2533,HSI
1020,20160222,19374.24,19464.09,19524.97,19374.24,19285.5,178.59,0.926,HSI
1021,20160219,19238.43,19285.5,19342.03,19210.65,19363.08,-77.58,-0.4007,HSI
1022,20160218,19409.21,19363.08,19436.39,19266.22,18924.57,438.51,2.3171,HSI
1023,20160217,19198.18,18924.57,19308.54,18909.06,19122.08,-197.51,-1.0329,HSI
1024,20160216,19013.74,19122.08,19260.67,18974.6,18918.14,203.94,1.078,HSI
1025,20160215,18668.87,18918.14,18937.06,18668.87,18319.58,598.56,3.2673,HSI
1026,20160205,19287.36,19288.17,19397.88,19230.0,19183.09,105.08,0.5478,HSI
1027,20160204,19190.36,19183.09,19338.37,19166.18,18991.59,191.5,1.0083,HSI
1028,20160203,18910.88,18991.59,19032.71,18764.82,19446.84,-455.25,-2.341,HSI
1029,20160202,19474.87,19446.84,19628.57,19403.49,19595.5,-148.66,-0.7586,HSI
1030,20160201,19770.96,19595.5,19770.96,19444.26,19683.11,-87.61,-0.4451,HSI
